data_hora,titulo,item_id,categorias,quantidade_avaliacoes,desconto,envio_pais,estrelas,preco,preco_original,id_vendedor,vendedor,secao_site,caracteristicas
2023-07-19 10:35:44,Suplemento Em Pó Dark Lab Creatine Premium Creatina Em Pote De 300g,57802450410843976702535014285994043883831501258902410382217133113258720548493,"['Esportes e Fitness', 'Suplementos e Shakers', 'Suplementos']",5625,23,False,4.8,99.9,62.9,18477321130199326490455084159956362665845693405481470325302798029452711185170,Trevizo Shop,less100,{}
2023-07-19 10:40:04,Papel Hig Folha Dupla Neutro Personal Vip Leve 16 Pague 15,46482578777332992529012722947974600853307085482834212126577467002078578651270,"['Casa, Móveis e Decoração', 'Cuidado da Casa e Lavanderia', 'Descartáveis', 'Papel Higiênico']",367,22,True,4.8,17.9,23.09,52507196141248413818722408838887960731831096248166643254449059188417245979466,Cia Brasileira,less100,{}
2023-07-19 10:27:11,Caixa De Passagem Inspeção Elétrica/esgoto/gordura C/ Tampa,18823878303456454201685115850779189273781192768909022816249847553991660616692,"['Indústria e Comércio', 'Gastronomia e Hotelaria', 'Limpeza e Organização', 'Caixas de Gordura']",87,9,True,4.6,44.58,48.99,49256239825062398472561298848096883611806222763065271683505998669410296817581,Meuapestore Com Br,less100,{}
2023-07-19 10:35:44,Lenços Umedecidos Huggies Max Clean Lv 4 Pg 3 - 192 Unidades,7893365272745699719398224302799566295876878090460968852040639561036368871604,"['Bebês', 'Higiene e Cuidados com o Bebê', 'Toalhas Umedecidas']",674,26,True,4.9,46.59,nan,52507196141248413818722408838887960731831096248166643254449059188417245979466,Cia Brasileira,less100,{}
2023-07-19 10:27:11,Suplemento em pó Soldiers Nutrition  Creatina Monohidratada creatina Creatina Monohidratada em envelope de 250g,20499383168680304038238356000343852011621208166031170608707606915068693039428,"['Esportes e Fitness', 'Suplementos e Shakers', 'Suplementos']",12424,20,True,4.8,55.99,69.99,22954128721700689820787819171036699073671833210776465137366344759497963494928,Soldiers Nutrition,less100,{}
2023-07-19 10:35:44,Fraldas XXG 60 unidades Pampers Confort Sec,41738375721390405990658825543965806482148244353382775171320109572995222980090,"['Bebês', 'Higiene e Cuidados com o Bebê', 'Fraldas', 'Descartáveis']",6003,11,False,4.9,98.99,95.9,24306202260816247894586143895807404379418864775702434813929455255358727590778,Mercadolivre Supermercado,less100,{}
2023-07-19 10:39:46,Fraldas Pampers Premium Care M 80 u,55201949381106785049474611453146207984140317769698195400107937894357187646057,"['Bebês', 'Higiene e Cuidados com o Bebê', 'Fraldas', 'Descartáveis']",760,15,False,4.9,106.5,129.9,24306202260816247894586143895807404379418864775702434813929455255358727590778,Mercadolivre Supermercado,less100,{}
2023-07-19 10:39:47,Aperitivo Campari Bitter Garrafa 900ml,75609542949023860417367918099056204712581514611712509406339628268609412700702,"['Alimentos e Bebidas', 'Bebidas', 'Bebidas Aperitivas']",957,20,False,4.9,41.99,60.89,52507196141248413818722408838887960731831096248166643254449059188417245979466,Cia Brasileira,less100,{}
2023-07-19 10:35:49,"Tapete 2,00x1,50 Costa Oro Shaggy Mega Promoção Peludo",38343071235209545620186550529106890556365805223700339703128970981879462136692,"['Casa, Móveis e Decoração', 'Têxteis de Casa e Decoração', 'Tapetes']",16929,12,False,4.2,87.9,99.89,52533969248876565242399632018057924424384721611747966982145061822092733708117,Atacadista Tapetes,less100,{'Desenho Do Tecido': 'Mesclado Shaggy'}
2023-07-19 10:35:47,Detergente líquido profissional lavagem perfeita 7L Omo,52076483754718695701224316514863476269387336584672024346770685371486159489488,"['Casa, Móveis e Decoração', 'Cuidado da Casa e Lavanderia', 'Produtos de Lavanderia', 'Sabão para Roupas']",672,18,False,4.9,74.0,90.49,24306202260816247894586143895807404379418864775702434813929455255358727590778,Mercadolivre Supermercado,less100,{}
2023-07-19 10:35:11,Kit 10 Cuecas Box Boxer Estampadas Masculino Atacado Revenda,59363504671807610276017860475778276742582841211248081977120011252369449198495,"['Calçados, Roupas e Bolsas', 'Moda Íntima e Lingerie', 'Roupa Intima', 'Cuecas']",17016,45,True,3.5,78.77,78.77,74062819901503001647914271242695036884311437886038612858259120514867771627564,Pinheirosmarta,less100,{'Cor': 'Estampadas'}
2023-07-19 10:35:46,Suplemento em pó Black Skull Creatine Turbo creatina em pote de 300g,110081602990567006408250802271573336408805533758459824504184681430947048978636,"['Saúde', 'Suplementos Alimentares']",19982,20,True,4.7,52.8,66.0,18477321130199326490455084159956362665845693405481470325302798029452711185170,Trevizo Shop,less100,{}
2023-07-19 10:38:33,Maquina Acabamento Recarregável Detalhe Cabelo Barba Sem Fio,47327692353234231502770831201180805237235368208524555495816871154184976725564,"['Beleza e Cuidado Pessoal', 'Artefatos para Cabelo', 'Máquinas de Cortar Cabelo']",1382,37,True,4.5,78.7,78.7,28878468367588194943508718339368032957346689215341456995061787764075929079532,Nutizze,less100,{'Cor': 'Dourado'}
2023-07-19 10:34:37,Creme Nutella 650gr Ferrero Avela,13499577212889796828399434521162775140653891386160808731103342359916183102631,"['Alimentos e Bebidas', 'Mercearia', 'Outros']",412,36,True,4.9,38.99,58.49,76172184258507310102338051841377812688426266416192994240527239762321223945374,Didi,less100,{}
2023-07-19 10:38:06,Azeite Chileno Extra Virgem O-live 500ml,40997664392169680036569948846036714472196768315016566205033212469218726051267,"['Alimentos e Bebidas', 'Mercearia', 'Azeites e Vinagres', 'Azeites para Cozinha']",461,19,False,4.8,24.99,30.99,52507196141248413818722408838887960731831096248166643254449059188417245979466,Cia Brasileira,less100,{}
2023-07-19 10:32:57,Refletor Led 100w Smd Prova D´água Ip66 Holofote 6500k,110431514440870974539195577373357650484128309046633774672970447247814118829466,"['Casa, Móveis e Decoração', 'Iluminação Residencial', 'Refletores']",6724,25,True,4.7,53.99,57.39,108962709415786790006957866147137981567865232175891712295015303129664739310240,Kavika Led,less100,"{'Cor Da Carcaça': 'Preto', 'Cor Da Luz': '6500K'}"
2023-07-19 10:35:48,Cabo + Fonte Compatível iPhone SE X Xr 11 12 13pro 14 Usb-c,65006948476364894084748065243248845730758037615867724889114998343293519084941,"['Celulares e Telefones', 'Acessórios para Celulares', 'Carregadores e Acessórios', 'Carregadores']",1966,12,False,4.4,81.89,89.99,68882713306719760271191023767577404081097177760387435318658276214493274002741,R C S Sales,less100,{'Cor': 'Branco'}
2023-07-19 10:35:50,Oxímetro de pulso para  dedo G-Tech OXIOLCM roxo,51870726855779443741903565618702606080796737788486934186566757928877999604636,"['Saúde', 'Equipamento Médico', 'Controle e Medição', 'Oxímetros']",5010,40,False,4.9,99.9,169.0,43614467716961273460361389975608740837649747942271973774510526554300216384950,Mercadolivre Eletronicos,less100,{}
2023-07-19 10:38:08,Suplemento em pó Integralmédica  Hardcore Creatina sabor  neutro em pote de 300g,110247793977761517963858965767933842529689453455807681090122790410952169430030,"['Esportes e Fitness', 'Suplementos e Shakers', 'Suplementos']",7676,21,False,4.8,94.8,78.99,18477321130199326490455084159956362665845693405481470325302798029452711185170,Trevizo Shop,less100,{}
2023-07-19 10:38:07,Fraldas G 70 unidades Pampers Confort Sec,44749016334283341373928378646606923883406711288673626552520965466219920610213,"['Bebês', 'Higiene e Cuidados com o Bebê', 'Fraldas', 'Descartáveis']",6003,24,False,4.9,98.99,109.9,24306202260816247894586143895807404379418864775702434813929455255358727590778,Mercadolivre Supermercado,less100,{}
2023-07-19 10:40:56,Mochila Bolsa Masculina Notebook Impermeável Reforçada,106099534310406853991761917457519870075864901012610970978520763426408125762703,"['Calçados, Roupas e Bolsas', 'Malas e Bolsas', 'Mochilas']",3485,41,True,4.2,58.88,99.8,8243062565067400345425651514909665290456734447928804299774282228678832180500,Pgx Store,less100,{}
2023-07-19 10:35:49,Pilha Alcalina Aa Pequena Duracell Com 16 Unidades,78147261302047374078111887972822504826733150191532141423464646853799895532782,"['Eletrônicos, Áudio e Vídeo', 'Pilhas e Carregadores', 'Pilhas']",1533,20,False,4.9,82.9,82.9,59315906852174171753963343617670615720576119152021474945279041556581000361780,Nvfullcomm,less100,{}
2023-07-19 10:35:51,Vinho tinto seco cabernet sauvignon Casillero del Diablo Reserva 2018 adega Concha y Toro 750ml,57292330819445417141881845203941933970688836443230206197479220295280757742297,"['Alimentos e Bebidas', 'Bebidas', 'Vinhos e Espumantes', 'Vinhos']",1596,41,False,4.7,34.62,59.0,95775134862031136028058405530857379793912205596205820558375108937366769385455,Maxxnasuacasa,less100,{}
2023-07-19 10:35:51,Mochila Masculina Faculdade Impermeável Resistente Grande,55531368867551614475113265855073812862027685273938602031187230717608260589006,"['Calçados, Roupas e Bolsas', 'Malas e Bolsas', 'Mochilas']",None,10,False,4.0,89.99,99.99,11780204039444258465151902750893569055203719054295327960462207029823986915814,Shop Bag,less100,{'Cor': 'Preto'}
2023-07-19 10:35:54,Kit Edredom + Jogo Com 5 Peças Dupla Face Cama Queen .,18504020653858003717589694561328868324721550569437478869597186129782872034248,"['Casa, Móveis e Decoração', 'Têxteis de Casa e Decoração', 'Roupa de Cama', 'Edredons']",2837,None,False,3.0,76.13,78.9,52533969248876565242399632018057924424384721611747966982145061822092733708117,Atacadista Tapetes,less100,{'Desenho Do Tecido': 'Liso'}
2023-07-19 10:39:47,Kit Sabonete Hidratante em Barra Dove 90g com 6 unidades,14373734166490938662347520839351013143987210267685918525482269414572092539160,"['Beleza e Cuidado Pessoal', 'Higiene Pessoal', 'Sabonetes', 'Barra']",379,18,False,4.9,23.79,34.9,52507196141248413818722408838887960731831096248166643254449059188417245979466,Cia Brasileira,less100,{}
2023-07-19 10:35:52,Aparelho Medidor De Pressão Arterial Digital De Pulso G-tech Gp400 Branco,98549041140797477055619525886832924884130190099986391584894802065146427710037,"['Saúde', 'Cuidado da Saúde', 'Medidores de Pressão', 'Digitais']",6433,49,False,4.6,95.55,191.09,27808903002550175746498061242044347399542820594888665201461270958142250127715,Lojas Mineiras,less100,{}
2023-07-19 10:35:54,Atacado 6x Mouse Pad Ergonômico Com Apoio De Punho - Oferta!,51213385358438884332054614680036742283862414679597997932225352086708584089439,"['Informática', 'Periféricos para PC', 'Mouses e Teclados', 'Mouse Pads']",74,14,False,4.6,85.91,99.9,18904767871940930945103465264134652627339040890382277626423086327813117784344,Vitrio Suplementos,less100,{}
2023-07-19 10:35:55,Azulejos Decorativos Estoril Kit 9 Peças 15x15.,12438129730108221060704293338437819216573484937902372403938870772818105455456,"['Construção', 'Pisos e Rejuntes', 'Azulejos e Pastilhas']",32,11,False,4.8,63.54,71.4,61014645128375343402631686437692201016169199226342730835586594317110992526715,Sofistiq Digital,less100,"{'Cor': 'Azul', 'Nome Do Desenho': 'Estoril'}"
2023-07-19 10:27:11,Kit 5 Camisetas Básicas Masculina Dry Fit Lisa Tradicional,3066161660162356758455274526606585369933590319181961933543369558899692208590,"['Calçados, Roupas e Bolsas', 'Camisetas']",1774,10,True,4.4,70.23,78.9,31986889926700591408354005206305542202696040603863518635935103200384410119829,Eirele Confeccoes,less100,{}
2023-07-19 10:39:48,Whisky Johnnie Walker red label 1L,92168187943352385638723138803846804641125550731851693721344156256047335288142,"['Alimentos e Bebidas', 'Bebidas', 'Bebidas Brancas e Licores', 'Whiskys']",1987,43,False,4.7,157.4,119.9,47618834509529119239741149710331374326313144638416783193964998017107501020474,Carrefour Mercado,less100,{}
2023-07-19 10:30:41,Kit 12 Pares Meia Cano Alto Unissex Atacado Cores Barato,52988834581162677991335718020459222707594324651773317767845580167737693481550,"['Calçados, Roupas e Bolsas', 'Moda Íntima e Lingerie', 'Roupa Intima', 'Meias e Meia Calças', 'Meias']",394,5,True,4.3,39.89,41.99,113269419511339627304129813060866630600960742864597396384431472084055004550645,Luar,less100,{}
2023-07-19 10:38:03,Cerveja Mexicana Corona Garrafa 330ml Com 6 Unidades,6136114138161765191951128855487221697045051346775253308280471528704614671944,"['Alimentos e Bebidas', 'Bebidas', 'Cervejas']",None,8,True,4.7,35.95,nan,52507196141248413818722408838887960731831096248166643254449059188417245979466,Cia Brasileira,less100,{}
2023-07-19 10:35:56,Maquininha Point Pro - A Máquina De Cartão Do Mercado Pago,450343336053653830021490466858290031406044875979589056670010222984706410845,"['Indústria e Comércio', 'Equipamento para Comércios', 'Cobrança e Controle', 'Maquininhas de Cartões']",2639,70,False,None,84.47,264.0,20062074679913692731245981830389101934566959045610879168947440316280104803189,Revenda Mercado Pago Point,less100,{}
2023-07-19 10:35:57,Chuveiro Lorenzetti Loren Shower Multitemperatura 7500w 220v Cor Branco Potência 7500 W Voltagem 220v,21383899175363659787644533154900896063031828574278856025908957083747279764832,"['Construção', 'Mobiliário para Banheiros', 'Torneiras para Banheiro', 'Chuveiros', 'Elétricos']",3813,5,False,4.7,99.75,105.0,109687328147458131036890896049225784319324836556569023495257770843315208460430,Rabello Home Shop,less100,{}
2023-07-19 10:30:40,Fone De Ouvido F9-5 Bluetooth 5.3 - Original Power Bank + Nf,45443389895179405227362892742646054567090801272115014654398962502162566151187,"['Celulares e Telefones', 'Acessórios para Celulares', 'Fones e Kits Viva Voz']",314,34,True,4.5,39.59,59.99,2708022703261868418926457554620616887213921728395519886355768593443575012422,Ni Store,less100,"{'Cor': 'Preto', 'Cor Da Luz': 'Azul'}"
2023-07-19 10:35:55,Rodapé Mdf 10cm Com Revestimento Em Poliestireno Branco,62568862378349598546492545765607288776497934041244568214712153849550351495804,"['Construção', 'Pisos e Rejuntes', 'Rodapés']",None,11,False,None,29.55,33.21,452696174905843943208186855118232617889580568535674025400772625532063798097,My H Me,less100,{}
2023-07-19 10:27:12,Painel Plafon Led 24w Quadrado Embutir Bco Frio 30x30 Avant,4291843339408736170921833486078987142952366131085535842951505519069434315208,"['Casa, Móveis e Decoração', 'Iluminação Residencial', 'Luminárias', 'Luminárias de Teto']",1000,10,True,4.7,35.99,39.99,58103352976659840370001044087451354957311704203293369468998146624151231679436,A Led Distribuidora,less100,{'Cor': 'Branco'}
2023-07-19 10:40:55,Cortina Oxford De Sala/quarto 300x250 Revenda,105974568324318556774898752298661083766845099880243679468985176875899054440342,"['Casa, Móveis e Decoração', 'Enfeites e Decoração da Casa', 'Cortinas e Acessórios', 'Cortinas e Persianas', 'Manuais']",5570,9,True,4.6,63.68,69.98,None,None,less100,{}
2023-07-19 10:38:09,Suplemento em pó Black Skull  Creatine Turbo creatina Creatine Turbo sabor  without flavor em sachê de 500g,107629087600247814541315268139201462736064540537087885674019701157259068066460,"['Esportes e Fitness', 'Suplementos e Shakers', 'Suplementos']",19979,25,False,4.7,95.52,84.9,18477321130199326490455084159956362665845693405481470325302798029452711185170,Trevizo Shop,less100,{}
2023-07-19 10:38:03,"Chaleira Elétrica Fix Inox 127v 1,8l 1000w Desligamento Auto",22024953409368514342212259755501456847085441562303178856157583340649754865146,"['Eletrodomésticos', 'Pequenos Eletrodomésticos', 'Para a Cozinha', 'Chaleiras Elétricas']",272,12,False,4.6,89.9,nan,13082776531439960681550280495640864398295424453269839777739831952120511988328,Tamojunto Oficial,less100,{'Cor': 'Cinza'}
2023-07-19 10:38:04,Relógio Smart  Digital D20 Masculino / Feminino + Fone S/fio,10693038145309177701267341524906804627702788781304654946952198228026119518326,"['Celulares e Telefones', 'Smartwatches e Acessórios', 'Smartwatches']",387,64,False,3.6,269.9,nan,99109107812199502255967726414964378821937041382201354095718968996576745793857,Smart Brasil,less100,{}
2023-07-19 10:34:39,Kit Super Led Techone 8000k 12v 24v H1 H3 H4 H7 H8 H11 Hb4,37928837423126538188062707676044303399346679099078476491078565723588805731380,"['Acessórios para Veículos', 'Tuning', 'Iluminação', 'Lâmpadas', 'Lâmpadas de Led']",2518,10,True,4.6,78.99,nan,75792445007948432522102552507504230986370402348195548605086987059729768951777,Magazine Ll,less100,"{'Cor': 'Branco', 'Cor Da Luz': 'Branco-frio'}"
2023-07-19 10:35:58,T9 Lanterna Tática Mais Forte Do Mundo Potente Sitio Fazenda,102016698200160841278059363163077198301785169391948418369968141523065690983335,"['Esportes e Fitness', 'Camping, Caça e Pesca', 'Faróis e Lanternas', 'Lanternas']",1285,19,False,None,80.91,99.9,23577153133789952384403847098690926625402000211230219493722501441161306003887,Deliner Ecommerce,less100,{'Cor Da Luz': 'Branco Frio'}
2023-07-19 10:27:12,Colágeno Verisol Ácido Hialurônico Silício Orgânico Coq-10 Sabor Abacaxi Com Hortelã,2269157373418077501976877293325046322603716424910891704054002307294381687031,"['Saúde', 'Suplementos Alimentares']",832,5,True,4.7,38.4,40.49,93380784244532197493401895886366614501355339992763998071810199807193910386397,Bodyaction Oficial,less100,{}
2023-07-19 10:34:39,Mochila Anti Furto Notebook Saida Cabo Aux Usb Fone Ouvido,72064931662551601233209423230546262945114166386519411167130098483648868654664,"['Calçados, Roupas e Bolsas', 'Malas e Bolsas', 'Mochilas']",2050,46,True,4.6,127.99,127.99,101288037325810840917780079859215613694265265145680003154260857623142372053316,Longlong,less100,{'Cor': 'Cinza'}
2023-07-19 10:39:45,Kit Whey Protein 2kg + Bcaa + Creatina + Shaker,106786958273721409772907071960302689690844767606705258079835471809650536958458,"['Esportes e Fitness', 'Suplementos e Shakers', 'Suplementos']",5412,29,False,4.3,134.99,nan,68646998555012343223653798390124648673032600658580146652152234294528521192166,Intermgintermg,less100,{}
2023-07-19 10:35:58,Fralda confort sec M 80 unidades Pampers,67437230169531112655370810867501409059227707698290683360271644867501339834466,"['Bebês', 'Higiene e Cuidados com o Bebê', 'Fraldas', 'Descartáveis']",6004,33,False,4.9,139.9,139.9,17098136274743686607729381793607182048807262189955390339352372142821721671294,Web Mercadinho,less100,{}
2023-07-19 10:35:58,Samsung Galaxy A14 Dual 128gb 4gb Ram Tela 6.6' 4g Câm 50mp,44153054237302595006745418331240036696260395193592449427675633621280010225598,"['Celulares e Telefones', 'Celulares e Smartphones']",989,37,False,4.8,1599.0,1599.0,27034587882297083433522189087214616094545160708711334793334315502818500645912,V I K,oferta_dia,{}
2023-07-19 10:38:11,Smart Tv LG Ai Thinq 43uq751c0sf Led 4k43 100v/240v,56239388427324456385141582958757983833813072658147793588277691541115622145232,"['Eletrônicos, Áudio e Vídeo', 'Televisores']",1101,22,False,4.8,1759.0,3232.73,27034587882297083433522189087214616094545160708711334793334315502818500645912,V I K,oferta_dia,{}
2023-07-19 10:41:02,"Notebook Samsung Book Celeron 4gb 256gb Ssd 15,6'' W11",1171151290577913260003109271334888090156574500561897909714953755469354862364,"['Informática', 'Portáteis e Acessórios', 'Notebooks']",534,16,False,4.7,1849.0,2210.59,41682682252807832782572609045658753614656303731681206912088795605181466374633,Eletro Info,oferta_dia,{}
2023-07-19 10:36:01,Câmera de segurança Intelbras iM3 com resolução de 2MP visão nocturna incluída branca,75525822948201175182700332764231219818172977005103316584302018035812704452,"['Casa, Móveis e Decoração', 'Segurança para Casa', 'Sistemas de Monitoramento', 'Câmeras de Segurança']",3302,26,False,4.8,234.9,319.9,93554072295443145236521664670102193441877433464175863046126629461953715514657,Comprou,oferta_dia,{}
2023-07-19 10:36:03,Caixa De Som Boombox 3 Bluetooth Preta Jbl Bivolt,19809700882193888879833173980460565065590922638211137835107615290471379596000,"['Eletrônicos, Áudio e Vídeo', 'Áudio', 'Áudio Portátil e Acessórios', 'Acessórios', 'Caixas Bluetooth']",1455,30,False,4.8,2297.0,3519.0,55711544547387371301430775581110477334878577696722992006807843809273015437544,Fastshop Oficial,oferta_dia,{}
2023-07-19 10:36:01,Monitor Samsung Gamer 22 Led Ls22a33anhlxzd Preto 100v/240v,99634836384800379569674514633082589615026889309389520799868394276608330863511,"['Informática', 'Monitores e Acessórios', 'Monitores']",988,34,False,4.8,1198.34,1198.34,27034587882297083433522189087214616094545160708711334793334315502818500645912,V I K,oferta_dia,{}
2023-07-19 10:36:02,"Smartphone Motorola Moto E13 Tela De 6,5'' 32gb Ram De 2gb Grafite",108545970843901688057320433676470555975846206793128047847398624280060397883302,"['Celulares e Telefones', 'Celulares e Smartphones']",1747,46,False,4.6,999.0,995.0,27034587882297083433522189087214616094545160708711334793334315502818500645912,V I K,oferta_dia,{}
2023-07-19 10:36:06,"Smart TV Samsung BET-B HD 32"" Bivolt",99204681202566063637077818657517143430446536672189439904070092971394157479838,"['Eletrônicos, Áudio e Vídeo', 'Televisores']",2687,22,False,4.7,1459.0,1459.0,41682682252807832782572609045658753614656303731681206912088795605181466374633,Eletro Info,oferta_dia,{}
2023-07-19 10:36:05,Nebulizador Inalador de Rede Vibratória G-Tech NEBMESH2,94387406833405877622264860087962432707685938964597589309826166051187604657457,"['Saúde', 'Cuidado da Saúde', 'Tratamentos Respiratórios', 'Nebulizadores e Inaladores']",7863,33,False,4.5,220.0,220.0,43614467716961273460361389975608740837649747942271973774510526554300216384950,Mercadolivre Eletronicos,oferta_dia,{}
2023-07-19 10:41:35,Robô Aspirador Wap Robot W90 3 Modos De Limpeza Fw009026,84793667510975380121833618059286389347620890554559815949047154015290562159171,"['Eletrodomésticos', 'Pequenos Eletrodomésticos', 'Para a Casa', 'Robôs Aspiradores']",2698,48,False,4.3,363.48,699.0,93554072295443145236521664670102193441877433464175863046126629461953715514657,Comprou,oferta_dia,{}
2023-07-19 10:36:04,"Notebook Positivo Dual Core Celeron 4gb 128gb Ssd Tela 15,6 Windows11 Motion C4128g-15 C/ Microsoft Office 365 Personal",86217707682865700994744100664829391075843626961604613076351796454251923022037,"['Informática', 'Portáteis e Acessórios', 'Notebooks']",602,30,False,4.6,1389.0,1999.9,93554072295443145236521664670102193441877433464175863046126629461953715514657,Comprou,oferta_dia,{}
2023-07-19 10:36:06,Caixa De Som Boombox 3 Bluetooth Squad Jbl,90245302559688983662739880071487053927600225607359415585176153926282484266115,"['Eletrônicos, Áudio e Vídeo', 'Áudio', 'Áudio Portátil e Acessórios', 'Acessórios', 'Caixas Bluetooth']",71,39,False,4.8,2297.0,3819.0,55711544547387371301430775581110477334878577696722992006807843809273015437544,Fastshop Oficial,oferta_dia,{}
2023-07-19 10:36:08,Fritadeira Sem Óleo Air Fryer Afn-40-bft 4l 1500w Preto Mondial 110v,31474982131680480714683565160191653542552867326379447318549590126389358569616,"['...', 'Pequenos Eletrodomésticos', 'Para a Cozinha', 'Preparação de Alimentos', 'Fritadeiras', 'De Ar']",663,35,False,4.8,379.0,586.2,43614467716961273460361389975608740837649747942271973774510526554300216384950,Mercadolivre Eletronicos,oferta_dia,{}
2023-07-19 10:36:09,"Smartphone Motorola Moto E13 Tela 6,5'' 64gb Ram 4g Verde",16528193587507640905473675846804539246461199221629855951176001368715115348022,"['Celulares e Telefones', 'Celulares e Smartphones']",1748,30,False,4.6,995.0,995.0,58401290034940512314273224845341300754211042043988011974073103457333460368833,Shop Ev,oferta_dia,{}
2023-07-19 10:36:11,Furadeira parafusadeira sem fio de 10mm Wap BPF 12K3 12V + accesorios 110V/220V,101972400506042985511501073543627736608002950078916858113874414981835538996575,"['Ferramentas', 'Ferramentas Elétricas', 'Perfuração', 'Furadeiras', 'De Mão']",None,12,False,4.7,189.0,216.23,1938190977971814867125970819480937030590737886742360507768041492952997159794,Ismafer Ferramentas,oferta_dia,{}
2023-07-19 10:36:15,Bicicleta Aço Carbono Ksvj Aro 29 Freios A Disco 21 Vel,49701444148856629699231619617748400963324272024036440282562011894122426646872,"['Esportes e Fitness', 'Ciclismo', 'Bicicletas']",1914,5,False,4.4,759.05,799.0,41607577962655057751903482247885030893161929684804197474667484732709207643919,Entrega Bikes,oferta_dia,{}
2023-07-19 10:36:16,"Smart TV Samsung Series 5 UN43T5300AGXZD LED Tizen Full HD 43"" 100V/240V",80100246554795081795305017798896061874831674648126362328888091039364741622736,"['Eletrônicos, Áudio e Vídeo', 'Televisores']",1345,45,False,4.8,1759.0,3229.0,43614467716961273460361389975608740837649747942271973774510526554300216384950,Mercadolivre Eletronicos,oferta_dia,{}
2023-07-19 10:36:13,Suplemento em pó Soldiers Nutrition  Creatina Monohidratada creatina Creatina Monohidratada em envelope de 500g,61445961455407145388894411439845003492444574894972853623044461975828598998909,"['Esportes e Fitness', 'Suplementos e Shakers', 'Suplementos']",12426,12,False,4.8,123.11,139.9,22954128721700689820787819171036699073671833210776465137366344759497963494928,Soldiers Nutrition,oferta_dia,{}
2023-07-19 10:39:52,Fritadeira Sem Óleo Air Fryer Afn-40-bft 4l 1500w Preto Mondial 220v,58702825119148710906587701220600457470365513003283720579272001916610886739357,"['...', 'Pequenos Eletrodomésticos', 'Para a Cozinha', 'Preparação de Alimentos', 'Fritadeiras', 'De Ar']",663,35,False,4.8,379.0,586.2,43614467716961273460361389975608740837649747942271973774510526554300216384950,Mercadolivre Eletronicos,oferta_dia,{}
2023-07-19 10:36:14,Moto E22 Dual SIM 128 GB preto 4 GB RAM,83304085624439381400213781105137825926907724225114362182065689026667100023889,"['Celulares e Telefones', 'Celulares e Smartphones']",4474,27,False,4.6,799.0,1099.0,94034920338294100596182914958116010039736916196295750353611114524176184195048,Zoo Varejo Digital,oferta_dia,{}
2023-07-19 10:36:19,"Monitor gamer Philips V 221V8 LCD 21.5"" preto 100V/240V",89071853247680283601412270295117760151524093402252745245196949069317708733576,"['Informática', 'Monitores e Acessórios', 'Monitores']",168,11,False,4.8,589.0,669.0,85999924664488509440841021973374855088372273578075979013524486929810129410704,Carrefour Com,oferta_dia,{}
2023-07-19 10:38:15,Cadeira de escritório Evolux Zebrada mesh ergonômica  preta com estofado de mesh,65364612783425368468086215288320582007158627773483191253529512063646333066916,"['Casa, Móveis e Decoração', 'Móveis para Casa', 'Cadeiras, Sofás e Banquetas', 'Cadeiras para Escritório']",273,50,False,4.2,299.95,599.9,71842432944768732652783950439912142472129170908232888878684616618318635760836,Linha Evolux,oferta_dia,{}
2023-07-19 10:38:13,"Smart TV Samsung UN32T4300AGXZD LED HD 32""",3231946577539650858590775132483724494287078810536741253658354079239581442526,"['Eletrônicos, Áudio e Vídeo', 'Televisores']",3661,54,False,4.7,1149.0,2499.0,47454551483569519600098427498555806458854530137930759730442580611281915814250,Tokio Store,oferta_dia,{}
2023-07-19 10:36:17,Bicicleta Aro 29 Krw Alumínio 24 Vel Freio A Disco X42,55209898069643537607326877611400583639071499832096400176803497619275005714501,"['Esportes e Fitness', 'Ciclismo', 'Bicicletas']",None,52,False,4.6,899.0,1899.0,112568346725014681875023472176150618852872747471416160239769072071059836726343,Krw Bikes,oferta_dia,{}
2023-07-19 10:40:04,Moto G42 Dual SIM 128 GB azul 4 GB RAM,52247083648522420524080914284357255723850172791756140528076119334753708159218,"['Celulares e Telefones', 'Celulares e Smartphones']",2130,41,False,4.7,989.0,1699.0,47454551483569519600098427498555806458854530137930759730442580611281915814250,Tokio Store,oferta_dia,{}
2023-07-19 10:36:21,"Monitor Philips V 193V5LHSB2 LCD 18.5"" preto 100V/240V",14581507088911747597944963510483791874263466056405598137254713690898152847514,"['Informática', 'Monitores e Acessórios', 'Monitores']",534,32,False,4.7,398.2,589.0,43614467716961273460361389975608740837649747942271973774510526554300216384950,Mercadolivre Eletronicos,oferta_dia,{}
2023-07-19 10:38:17,Alto-falante Mondial Connect Power Plus CM-550 com bluetooth 127V/220V,88148532813562509414573156558336176521217923195608869091031456121427484440906,"['Eletrônicos, Áudio e Vídeo', 'Áudio', 'Caixas Acústicas']",1798,21,False,4.7,586.01,799.9,43614467716961273460361389975608740837649747942271973774510526554300216384950,Mercadolivre Eletronicos,oferta_dia,{}
2023-07-19 10:36:22,Licor 43 Original Garrafa 700ml,70987726109249427014717539469643207419626960057979508681096127589856360495831,"['Alimentos e Bebidas', 'Bebidas', 'Bebidas Brancas e Licores', 'Licores']",1063,10,False,4.9,125.5,189.0,95775134862031136028058405530857379793912205596205820558375108937366769385455,Maxxnasuacasa,oferta_dia,{}
2023-07-19 10:38:18,"Smart TV Philips 6900 Series 43PFG6917/78 LED Android 10 Full HD 43"" 110V/240V",67122223941066477910566041508259784937600048458540543168194488593709392208735,"['Eletrônicos, Áudio e Vídeo', 'Televisores']",1218,20,False,4.7,2549.0,2649.0,43614467716961273460361389975608740837649747942271973774510526554300216384950,Mercadolivre Eletronicos,oferta_dia,{}
2023-07-19 10:36:23,Samsung Galaxy A14 4G (Exynos) Dual SIM 128 GB black 4 GB RAM,74181914773693543725612818202791828142459149311238934249395834804413212890049,"['Celulares e Telefones', 'Celulares e Smartphones']",492,25,False,4.6,959.0,1295.0,71746199305174188382484012135696986464305409207652121124204415410572951546605,Megamamute Fullmg,oferta_dia,{}
2023-07-19 10:36:25,"Alto-falante Mondial CM-400: Portátil, Bluetooth, Preto/Vermelho - Bivolt- 110V/220V",10728242419149483390951514048435514441103937165768783812406417788299378337208,"['Eletrônicos, Áudio e Vídeo', 'Áudio', 'Áudio Portátil e Acessórios', 'Acessórios', 'Caixas Bluetooth']",1714,29,False,4.7,519.0,749.9,43614467716961273460361389975608740837649747942271973774510526554300216384950,Mercadolivre Eletronicos,oferta_dia,{}
2023-07-19 10:41:35,Chivas Regal 12 Años Scotch escocês 1 L,75294088129773552793621143527540896930411054237015744746095148473350180210791,"['Alimentos e Bebidas', 'Bebidas', 'Bebidas Brancas e Licores', 'Whiskys']",638,28,False,4.7,109.9,179.9,None,None,oferta_dia,{}
2023-07-19 10:36:39,Martelete Combinado Sds Hr2470 800w Makita + Kit Ferramentas,28901502443769108782406133642591957308757543801148590806019405128724635900672,"['Ferramentas', 'Ferramentas Elétricas', 'Perfuração', 'Marteletes']",2717,16,False,None,789.0,949.0,7082903004902143587169221955775659134605874814373279039684476931718396545040,Ddmaquinas,oferta_dia,{}
2023-07-19 10:38:39,"Smart TV LG 32LQ621CBSB .AWZ LED webOS HD 32"" 100V/240V",9514288982813399686750627137964380011629529050730366881524954861216980819993,"['Eletrônicos, Áudio e Vídeo', 'Televisores']",2914,54,False,4.8,1149.0,2499.0,27034587882297083433522189087214616094545160708711334793334315502818500645912,V I K,oferta_dia,{}
2023-07-19 10:36:38,Samsung Galaxy A23 Dual SIM 128 GB light blue 4 GB RAM,68627356570684202092437958062427246105844276456142105742558656154543264592918,"['Celulares e Telefones', 'Celulares e Smartphones']",2733,43,False,4.7,1189.0,2099.0,58401290034940512314273224845341300754211042043988011974073103457333460368833,Shop Ev,oferta_dia,{}
2023-07-19 10:40:05,Kit 12 Cuecas Masculinas Boxer Polo Wear,99012470174074365316145661608404394252069071303824739393130918875288460856010,"['Calçados, Roupas e Bolsas', 'Moda Íntima e Lingerie', 'Roupa Intima', 'Cuecas']",8780,30,False,4.3,139.9,199.9,4936964252983512195076180058696055265376545442774969512810179191104090640154,Mercadolivre Moda,oferta_dia,"{'Cor': 'Branco, Cinza, Preto e Azul Marinho'}"
2023-07-19 10:36:38,"Notebook Acer Aspire 5 A514-54 safari gold 14"", Intel Core i3 1115G4  8GB de RAM 256GB SSD, Intel UHD Graphics Xe G4 48EUs 60 Hz 1920x1080px Windows 11 Home",13361278804904656744541983470350617805665712927116779939521847223742374355596,"['Informática', 'Portáteis e Acessórios', 'Notebooks']",223,44,False,4.9,3599.0,3599.0,27034587882297083433522189087214616094545160708711334793334315502818500645912,V I K,oferta_dia,{}
2023-07-19 10:36:35,Fone De Ouvido On-ear Sem Fio Jbl Tune 520bt Blt520bt,97403370128792252301959924442132126096653087079328013231703100102319324005256,"['Celulares e Telefones', 'Acessórios para Celulares', 'Fones e Kits Viva Voz']",470,21,False,4.9,239.0,319.0,41682682252807832782572609045658753614656303731681206912088795605181466374633,Eletro Info,oferta_dia,{}
2023-07-19 10:36:36,"Monitor Gamer LG 22mp410-b 21,5 Full Hd 75hz 5ms Hdmi Va Freesync",105760354643169597273704283789123680384485531074705087543635021975627564829322,"['Informática', 'Monitores e Acessórios', 'Monitores']",1530,50,False,4.8,1070.0,1070.0,27034587882297083433522189087214616094545160708711334793334315502818500645912,V I K,oferta_dia,{}
2023-07-19 10:36:36,Samsung Galaxy A14 4G Dual SIM 64 GB black 4 GB RAM,469811466422286102474729350793133518201455457489865376321008975896739571984,"['Celulares e Telefones', 'Celulares e Smartphones']",699,20,False,4.6,791.0,989.0,39235225581467293849698192983063796448005288926615590503322084392834713888581,Megamamute Oficiales,oferta_dia,{}
2023-07-19 10:36:40,"Smart TV Philco PTV32G70RCH LED Roku OS HD 32"" 110V/220V",98556199161223949943051153383574038620142752346098277130376639218349906388667,"['Eletrônicos, Áudio e Vídeo', 'Televisores']",3078,35,False,4.7,1599.0,1599.0,2428560310004252354433898296994371380148442633066271385814832643261223785421,Killecommerce,oferta_dia,{}
2023-07-19 10:36:40,Módulo Taramps Ts400 Digital Amplif 400w Rms 4 Canais 2 Ohms,16890804085503584862988144873428266477959148646181372310223574568495087942385,"['Acessórios para Veículos', 'Som Automotivo', 'Módulos Amplificadores']",487,34,False,4.7,299.9,299.0,70475150741311091047594121353944475346362190881731386228974406238706021317222,Cloud Eletro,oferta_dia,{}
2023-07-19 10:38:40,Impressora a cor multifuncional Epson EcoTank L3250 com wifi preta 100V/240V,23532558276607171282166214439026902513322387090675904021378713733334258431995,"['Informática', 'Impressão', 'Impressoras']",9314,12,False,4.8,1219.0,1801.13,109474778646544010006137897882935426375265433883814826734351063174870299964580,Pro Ce,oferta_dia,{}
2023-07-19 10:36:42,Câmera De Segurança Im7 Full Color 360° Speed Dome Intelbras,16340226904842750133129171577087780068847318624331519988778029479644801781990,"['Casa, Móveis e Decoração', 'Segurança para Casa', 'Sistemas de Monitoramento', 'Câmeras de Segurança']",337,39,False,4.7,544.9,899.0,93554072295443145236521664670102193441877433464175863046126629461953715514657,Comprou,oferta_dia,{}
2023-07-19 10:38:41,Samsung Galaxy A03 Core Dual SIM 32 GB black 2 GB RAM,74515281155046627375013302125894527591637237504053970917189681313588503909866,"['Celulares e Telefones', 'Celulares e Smartphones']",18890,46,False,4.6,1165.0,1165.0,27034587882297083433522189087214616094545160708711334793334315502818500645912,V I K,oferta_dia,{}
2023-07-19 10:36:43,Smart Tv Philco 40'' Ptv40g7er2cpblf Roku Usb Hdmi Led Dolby Audio,96645449037444834597200280450823820029783145029784983830725637648289516460373,"['Eletrônicos, Áudio e Vídeo', 'Televisores']",None,22,False,4.9,1449.0,1899.0,58401290034940512314273224845341300754211042043988011974073103457333460368833,Shop Ev,oferta_dia,{}
2023-07-19 10:36:41,Cadeira De Escritório Diretor Enjoy Executivo Preto Stillo,98360157816648507522549417879356849573808632116977328490151548168249999269234,"['Casa, Móveis e Decoração', 'Móveis para Casa', 'Cadeiras, Sofás e Banquetas', 'Cadeiras para Escritório']",30,5,False,4.8,436.05,459.0,3578087083461295378076515617652891058571608851815521526175435880618998724581,Lojababyoutlet,relampago,"{'Cor': 'Preto', 'Material Do Estofamento': 'PU e PVC'}"
2023-07-19 10:40:07,Bola Futebol Society 8 X Penalty,103589675251762290031170998147731972753787457024132469845310963207623417544075,"['Esportes e Fitness', 'Futebol', 'Equipamento e Treinamento', 'Bolas']",268,30,False,4.8,199.99,219.99,4936964252983512195076180058696055265376545442774969512810179191104090640154,Mercadolivre Moda,relampago,{}
2023-07-19 10:38:35,Kit 4 Radio Comunicador Baofeng 777s Profissional 16 Canais,103852408828700486340817121777060066937072085377801866811600193330654350891518,"['Celulares e Telefones', 'Rádio Comunicadores', 'Walkie-talkies']",108,12,False,4.7,325.0,325.0,9693026580493069491081371850114039189603320013031910512526436912220115453351,Acabamentos Sa,relampago,{'Cor': 'Preto'}
2023-07-19 10:38:42,Colchão Inflável Fit casal Natutika com inflador de pé embutido,26366107083484294721150860785947403407962531866953989925074359666729958657403,"['Esportes e Fitness', 'Camping, Caça e Pesca', 'Equipamento para Camping', 'Sacos de Dormir e Colchões', 'Colchões Infláveis']",34,38,False,4.1,226.0,367.94,4936964252983512195076180058696055265376545442774969512810179191104090640154,Mercadolivre Moda,relampago,{}
2023-07-19 10:40:06,Kit Com 10 Cuecas Slip Go Tagless Masculina Zorba,45421873775828941776031014532465786093027984967672130077292273523342278859893,"['Calçados, Roupas e Bolsas', 'Moda Íntima e Lingerie', 'Roupa Intima', 'Cuecas']",172,26,False,4.8,139.9,189.9,4936964252983512195076180058696055265376545442774969512810179191104090640154,Mercadolivre Moda,relampago,{'Cor': 'Marinho/Preto/Grafite'}
2023-07-19 10:36:45,Barraca De Acampamento Zeus Para 5 Pessoas Guepardo,89547524624303638185352963104817407543240870307172764466053166198427153949975,"['Esportes e Fitness', 'Camping, Caça e Pesca', 'Equipamento para Camping', 'Barracas']",None,15,False,None,949.99,949.99,4936964252983512195076180058696055265376545442774969512810179191104090640154,Mercadolivre Moda,relampago,{}
2023-07-19 10:38:35,Kit Com 10 Cuecas Slip Mash Básica Masculina Algodão Oferta,35015465556300380666422981443482556594191233011543239632203580544583962464756,"['Calçados, Roupas e Bolsas', 'Moda Íntima e Lingerie', 'Roupa Intima', 'Cuecas']",274,20,False,4.2,119.99,nan,31149151764137069947276949562984994602557387803562746571480698810146230660475,Joy Basico,relampago,{'Cor': 'Preto'}
2023-07-19 10:38:44,Mala De Viagem Spin Air 75 Preta Grande Samsonite,102374932135297568592506309213843743330404757437816129220119551299743234762691,"['Calçados, Roupas e Bolsas', 'Malas e Bolsas', 'Bagagem e Acessórios de Viagem', 'Malas']",2,23,False,5.0,1009.9,1320.0,4936964252983512195076180058696055265376545442774969512810179191104090640154,Mercadolivre Moda,relampago,"{'Cor': 'Preto', 'Nome Do Desenho': 'Lisa'}"
2023-07-19 10:38:43,Câmera Ip Poe 3mp Bullet 2.8mm Infra Ip66 Haiz Hz-b28poe,26030292088191785177290416589555631173197884876938755986219790814143235022130,"['Casa, Móveis e Decoração', 'Segurança para Casa', 'Sistemas de Monitoramento', 'Câmeras de Segurança']",16,15,False,None,217.43,255.8,26837998167275192993634195016603728470447452377511719772666869769319365210647,Haiz Shop,relampago,{'Cor': 'Branco'}
2023-07-19 10:41:04,Kit Com 10 Cuecas Boxer Seamless Masculina Zorba,37776732121838358129395126951623031760945143661491020572671589756545885455411,"['Calçados, Roupas e Bolsas', 'Moda Íntima e Lingerie', 'Roupa Intima', 'Cuecas']",41,25,False,4.6,269.9,269.9,4936964252983512195076180058696055265376545442774969512810179191104090640154,Mercadolivre Moda,relampago,{'Cor': 'Preto/Marinho/Mescla'}
2023-07-19 10:38:36,Mala De Viagem Troya Pequena Preta American Tourister,104861479231920543530594971746028960720024720680735312453194641042504506191093,"['Calçados, Roupas e Bolsas', 'Malas e Bolsas', 'Bagagem e Acessórios de Viagem', 'Malas']",81,41,False,4.9,835.0,nan,4936964252983512195076180058696055265376545442774969512810179191104090640154,Mercadolivre Moda,relampago,"{'Cor': 'Preto', 'Nome Do Desenho': 'Lisa'}"
2023-07-19 10:36:46,Conjunto Panelas 17 Pc Antiaderente Brinde Panela Pressão,11231278650212412128887577166464396503171646694045506479591823217252844783904,"['Casa, Móveis e Decoração', 'Cozinha', 'Cozimento', 'Panelas e Frigideiras', 'Jogo de Panelas']",280,6,False,4.3,412.56,438.9,35066005682195489472068826644280456566082704328227893378478530375516208674411,Menor Precobrasil,relampago,{}
2023-07-19 10:38:37,Tênis Feminino Atmos Preto Olympikus,4119182381287670999694495013302338134175814819782761513231384433188795476376,"['Calçados, Roupas e Bolsas', 'Calçados', 'Tênis']",None,15,False,4.7,179.99,179.99,4936964252983512195076180058696055265376545442774969512810179191104090640154,Mercadolivre Moda,relampago,"{'Cor': 'Preto', 'Desenho Do Tecido': 'Liso'}"
2023-07-19 10:38:44,Kit Com 10 Cuecas Boxer Lupo,35061297816965730854712094711302604640153753915033448042267947688605942775556,"['Calçados, Roupas e Bolsas', 'Moda Íntima e Lingerie', 'Roupa Intima', 'Cuecas']",71,14,False,4.4,232.65,232.65,4936964252983512195076180058696055265376545442774969512810179191104090640154,Mercadolivre Moda,relampago,{}
2023-07-19 10:41:58,Kit Com 10 Cuecas Boxer Ecko Unltd,30774825585966514752901392337399782308748766580921436750317788974928378970014,"['Calçados, Roupas e Bolsas', 'Moda Íntima e Lingerie', 'Roupa Intima', 'Cuecas']",83,47,False,4.7,94.9,179.9,4936964252983512195076180058696055265376545442774969512810179191104090640154,Mercadolivre Moda,relampago,"{'Cor': 'Cinza', 'Desenho Do Tecido': 'Listrado'}"
2023-07-19 10:38:45,Tênis Esportivo Urbex Masculino Olympikus,72884526465532844089759995272524491964013280564085901929696016442346293421668,"['Calçados, Roupas e Bolsas', 'Calçados', 'Tênis']",161,5,False,4.8,168.99,199.99,4936964252983512195076180058696055265376545442774969512810179191104090640154,Mercadolivre Moda,relampago,{'Desenho Do Tecido': 'Liso'}
2023-07-19 10:40:07,Calça Jeans Feminina Lipo Skinny Preta Sawary Lançamento,114773155947234841755660123699422255417023483845492025161112408990808235287891,"['Calçados, Roupas e Bolsas', 'Calças']",668,37,False,4.5,108.0,172.5,4936964252983512195076180058696055265376545442774969512810179191104090640154,Mercadolivre Moda,relampago,"{'Cor': 'Preto', 'Desenho Do Tecido': 'Liso'}"
2023-07-19 10:36:47,Tênis Masculino Futsal Topper Dominator 3 Td Adulto Tp0300,24154689577425137943390333803939797469321032245846020041169294083633337152870,"['Esportes e Fitness', 'Futebol', 'Roupas', 'Chuteiras']",260,7,False,4.6,158.0,169.9,33851766832266968785867051881499177620779314917505167480542796086818848989368,Paraisocomerciodecalcadose,relampago,{}
2023-07-19 10:36:47,Mala De Viagem Montreal Tamanho Médio Preto Isiway Novo,85639961395070318533756404396342040282783778701397594699177674275714035837829,"['Calçados, Roupas e Bolsas', 'Malas e Bolsas', 'Bagagem e Acessórios de Viagem', 'Malas']",7,25,False,4.7,666.88,666.88,4936964252983512195076180058696055265376545442774969512810179191104090640154,Mercadolivre Moda,relampago,"{'Cor': 'Preto', 'Nome Do Desenho': 'Lisa'}"
2023-07-19 10:41:14,"Mochila Samsonite Ikonn Para Notebook 15,4",110854282034713657444335287816546996602107778283391707501424456569094681073088,"['Informática', 'Portáteis e Acessórios', 'Acessórios para Notebook', 'Maletas e Bolsas', 'Mochilas']",None,23,False,None,489.9,660.0,4936964252983512195076180058696055265376545442774969512810179191104090640154,Mercadolivre Moda,relampago,{}
2023-07-19 10:36:48,"Tapete De Sala Tear Rústico 100% Algodão 1,40x2,00 Colorido",8883898910277918981587671718543434780723080578979227839829106592125387182841,"['Casa, Móveis e Decoração', 'Têxteis de Casa e Decoração', 'Tapetes']",418,15,False,4.4,186.15,219.0,46902896058567563300661393460269743791591254604035258049455638259569758037888,Ed Decor,relampago,"{'Cor': 'Cru', 'Desenho Do Tecido': 'Geométrico'}"
2023-07-19 10:36:50,Bola Campo S11 R1 X X I I I  Penalty,73000395091903057502099668393552524960580634674254063528596751347584871254952,"['Esportes e Fitness', 'Futebol', 'Equipamento e Treinamento', 'Bolas']",15,30,False,4.6,299.99,159.99,4936964252983512195076180058696055265376545442774969512810179191104090640154,Mercadolivre Moda,relampago,{}
2023-07-19 10:38:47,Fio Cabo Duplo Para Poste 10mm 10 Milimetros 200 Metros,74161782304796802376433672268779565008220699783632012491753395946835757028110,"['Construção', 'Energia', 'Cabos e Acessórios', 'Cabos Elétricos']",25,16,False,4.8,617.0,617.0,91236887696294908697942900289228076151806242243363027977372165303464160190130,Alves E Machado Loja Oficial,relampago,{'Cor Da Cobertura': 'Preto e Nu'}
2023-07-19 10:41:44,Kit 12 Calcinhas Feminina Biquíni Variadas Trifil,114553523766516552930536320921488070318412480503826229884417523513298104072607,"['Calçados, Roupas e Bolsas', 'Moda Íntima e Lingerie', 'Roupa Intima', 'Lingerie', 'Calcinhas']",None,31,False,4.6,149.9,219.99,4936964252983512195076180058696055265376545442774969512810179191104090640154,Mercadolivre Moda,relampago,{}
2023-07-19 10:36:54,"Kit 12 Travessas Retangular Melamina Branca 29,5cm Mma1641",91626047058194738182406895646497184040275100338408334391518646675985773414428,"['Casa, Móveis e Decoração', 'Cozinha', 'Louça e Artigos para Servir', 'Louça', 'Travessas']",26,27,False,5.0,131.39,179.99,16923253133062635412538581423245968225205722816269243721825743873070376274495,Utilitanorj,relampago,{'Cor': 'Branco'}
2023-07-19 10:38:46,Tênis Masculino Courtbeat adidas Novo,101560870121481329835880600071852363697771478560345090805277528486101978681267,"['Calçados, Roupas e Bolsas', 'Calçados', 'Tênis']",30,15,False,4.7,338.99,399.99,4936964252983512195076180058696055265376545442774969512810179191104090640154,Mercadolivre Moda,relampago,{'Desenho Do Tecido': 'Liso'}
2023-07-19 10:38:48,Bola De Futebol Society Oficial Topper Slick Cup 2021 Cor Amarelo Neon Rosa Azul,75496252218710566846053645632585137985360224749761858357306923809243800174249,"['Esportes e Fitness', 'Futebol', 'Equipamento e Treinamento', 'Bolas']",391,31,False,4.3,68.99,129.99,4936964252983512195076180058696055265376545442774969512810179191104090640154,Mercadolivre Moda,relampago,{}
2023-07-19 10:36:54,Kit Com 10 Calcinhas Feminina Cintura Alta Trifil - Oferta,52588925747977687735148101151064400999189788032865895881540172750348632265551,"['Calçados, Roupas e Bolsas', 'Moda Íntima e Lingerie', 'Roupa Intima', 'Lingerie', 'Calcinhas']",344,54,False,4.6,90.99,199.99,4936964252983512195076180058696055265376545442774969512810179191104090640154,Mercadolivre Moda,relampago,{}
2023-07-19 10:38:47,Bola De Society Penalty 8 Gomos Termotec Verde Neon Oficial,30970512194134397027252493664691432090902792075342788025738967759788569028800,"['Esportes e Fitness', 'Futebol', 'Equipamento e Treinamento', 'Bolas']",268,9,False,4.8,152.99,219.99,4936964252983512195076180058696055265376545442774969512810179191104090640154,Mercadolivre Moda,relampago,{}
2023-07-19 10:38:38,Par Farol Vw 14150 16220 16200 Pesado 94 95 96 97 98 99 Nino,57406031452617654309015585116107107745613448665599450983184311709567533881381,"['Acessórios para Veículos', 'Outros']",7,6,False,4.4,499.89,499.89,102235224500523175249526112476682810721147273179386677842366397763087466413722,Ninjaparts Sc,relampago,{}
2023-07-19 10:36:54,"Tela Galvanizada Galinheiro Fio 23 1,80x25metros  Horta",69105842679191397978986476709893585343918472564364533388010094252450875829163,"['Ferramentas', 'Acessórios para Ferramentas', 'Outros']",34,9,False,4.6,177.34,194.89,113122109552156513585453622553774319693371481221446583520922835952934863267954,Imperiodascercas,relampago,{}
2023-07-19 10:38:39,Kit 5 Bermuda Masculina Tactel Elastano Praia Surf Corrida,32089144178899118778551193297719185521635596712591719437141314818957289179434,"['Calçados, Roupas e Bolsas', 'Bermudas e Shorts']",48,8,False,4.3,173.88,nan,40184975609280120605543360871513469667574833830386508750018692229794845586488,Alandesouzasiqueiraalande,relampago,{'Cor': 'Cinza'}
2023-07-19 10:38:48,Cabo De Alumínio; Duplex 16mm - Rolo Com 100 Metros,105941338246967880923979735507344146635469508230307109254931383113348097160485,"['Construção', 'Energia', 'Cabos e Acessórios', 'Cabos Elétricos']",43,16,False,5.0,407.4,485.0,91236887696294908697942900289228076151806242243363027977372165303464160190130,Alves E Machado Loja Oficial,relampago,{}
2023-07-19 10:37:41,Tênis Masculino / Feminino Perfect 3 Olympikus,72219417176287625555918141281474971191703068476723705411627433512639143657652,"['Calçados, Roupas e Bolsas', 'Calçados', 'Tênis']",487,25,False,4.8,259.99,259.99,4936964252983512195076180058696055265376545442774969512810179191104090640154,Mercadolivre Moda,relampago,{'Desenho Do Tecido': 'Liso'}
2023-07-19 10:36:56,Kit 12 Cuecas Boxer Masculino Sortido Polo Wear,34396764955883967955423470581312290079300851975175532713073605485235194415215,"['Calçados, Roupas e Bolsas', 'Moda Íntima e Lingerie', 'Roupa Intima', 'Cuecas']",358,21,False,4.8,230.0,199.9,4936964252983512195076180058696055265376545442774969512810179191104090640154,Mercadolivre Moda,relampago,"{'Cor': 'Branco, Azul marinho, Preto e Cinza'}"
2023-07-19 10:41:53,Tênis Feminino Carina Bdp Puma,73082670299020790437022974932125752336649708369219165515634201463315159826291,"['Calçados, Roupas e Bolsas', 'Calçados', 'Tênis']",96,12,False,4.8,349.9,399.9,4936964252983512195076180058696055265376545442774969512810179191104090640154,Mercadolivre Moda,relampago,{'Desenho Do Tecido': 'Liso'}
2023-07-19 10:36:56,Bebe Reborn Menino Corpo Inteiro De Vinil Siliconado,34044581713920132159266462857165201287027645348752050610903741606124448700988,"['Brinquedos e Hobbies', 'Bonecos e Bonecas', 'Bonecas']",193,5,False,4.8,260.0,260.0,74305720080457078885968014959752852747211643728959177934885311459590226891004,Beb C As Reborn Dolls,relampago,{}
2023-07-19 10:36:57,Colchão Inflável Aveludado King Size Zenite Nautika Cor Azul-escuro,36328198254414099333470623612150274539934795039872231289427948764581151395423,"['Esportes e Fitness', 'Camping, Caça e Pesca', 'Equipamento para Camping', 'Sacos de Dormir e Colchões', 'Colchões Infláveis']",None,41,False,None,409.0,367.94,4936964252983512195076180058696055265376545442774969512810179191104090640154,Mercadolivre Moda,relampago,{}
2023-07-19 10:36:55,Mochila Moderna Usb/fone Impermeável Laptop Grande Reforçada,114098175581325481411381782462668395465231726782783239652445313121681205942838,"['Calçados, Roupas e Bolsas', 'Malas e Bolsas', 'Mochilas']",112,28,False,4.6,97.34,135.2,101288037325810840917780079859215613694265265145680003154260857623142372053316,Longlong,relampago,{}
2023-07-19 10:37:42,Fechadura Para Porta Quarto Sala Externa Modena Bronze Mgm,114988686927922218790290377253066435254950531369511434534975899484464257288044,"['Casa, Móveis e Decoração', 'Segurança para Casa', 'Ferragens de Segurança', 'Fechaduras', 'Manuais']",624,36,False,4.5,50.54,78.98,28439024156840714158010649930607397965511961327728166246565641006191936343595,Fbz Business,relampago,{}
2023-07-19 10:41:49,adidas Advantage Masculino Adultos,21244283340587229215536938174493432424857358775801602490681510083463438302,"['Calçados, Roupas e Bolsas', 'Calçados', 'Tênis']",228,25,False,4.6,261.99,349.99,None,None,relampago,{}
2023-07-19 10:40:56,Kit Com 10 Cuecas Boxer Algodão Polo London Club,75797135793791950517158866383092904958695490595733161570750864071749037867044,"['Calçados, Roupas e Bolsas', 'Moda Íntima e Lingerie', 'Roupa Intima', 'Cuecas']",29,30,False,3.1,89.9,129.9,4936964252983512195076180058696055265376545442774969512810179191104090640154,Mercadolivre Moda,relampago,{'Cor': 'preto/branco/chumbo/marinho'}
2023-07-19 10:39:39,Bola Society Penalty S11 R2 Xxlll,86752605881394713414124238883592255159591311436009606898359686936625355539560,"['Esportes e Fitness', 'Futebol', 'Equipamento e Treinamento', 'Bolas']",41,30,False,4.4,110.99,219.99,4936964252983512195076180058696055265376545442774969512810179191104090640154,Mercadolivre Moda,relampago,{}
2023-07-19 10:39:20,Tênis Masculino / Feminino Jogging 100 Olympikus,39122980030538449675756178704779895476856390132817371725677809432032729827978,"['Calçados, Roupas e Bolsas', 'Calçados', 'Tênis']",773,15,False,4.6,168.99,nan,4936964252983512195076180058696055265376545442774969512810179191104090640154,Mercadolivre Moda,relampago,"{'Cor': 'Preto', 'Desenho Do Tecido': 'Liso'}"
2023-07-19 10:40:51,Tênis Masculino Charger Skyline 3 Se Under Armour,88629734159617071030871840242143191802741733985656975395614361966147796957812,"['Calçados, Roupas e Bolsas', 'Calçados', 'Tênis']",19,30,False,4.9,379.99,379.99,4936964252983512195076180058696055265376545442774969512810179191104090640154,Mercadolivre Moda,relampago,"{'Cor': 'Black/Gray/White', 'Desenho Do Tecido': 'Liso'}"
2023-07-19 10:39:22,Camisa Polo Piquet Clássica Masculina Reserva,110767316545964149531012805774027851469607402099238981826113035043259289276150,"['Calçados, Roupas e Bolsas', 'Camisetas']",123,29,False,4.6,269.0,269.0,4936964252983512195076180058696055265376545442774969512810179191104090640154,Mercadolivre Moda,relampago,{'Desenho Impresso': 'Liso'}
2023-07-19 10:37:43,Chuteira Society Speedportal 4 adidas Novo,9854476674504758737508472321468583429891685068198340427528165945753486356778,"['Esportes e Fitness', 'Futebol', 'Roupas', 'Chuteiras']",18,25,False,4.9,298.99,399.99,4936964252983512195076180058696055265376545442774969512810179191104090640154,Mercadolivre Moda,relampago,{'Cor': 'TESHPK/FTWWHT/CBLACK'}
2023-07-19 10:37:45,Conjunto De Agasalho Feminino Basic Root Mizuno,73450425658731514957327693557957473549716310495169899375592992749839375532387,"['Esportes e Fitness', 'Moda Fitness', 'Conjuntos']",16,41,False,None,198.54,339.99,4936964252983512195076180058696055265376545442774969512810179191104090640154,Mercadolivre Moda,barato_dia,"{'Cor': 'Preto', 'Desenho Do Tecido': 'Liso'}"
2023-07-19 10:39:23,Sapato Scarpin Feminino Salto Alto Com Bico Fino Vizzano,113759502872273190752643436065575261052413835736232618044210643087505426236170,"['Calçados, Roupas e Bolsas', 'Calçados', 'Scarpins e Plataformas']",175,51,False,4.8,149.9,149.9,4936964252983512195076180058696055265376545442774969512810179191104090640154,Mercadolivre Moda,barato_dia,{}
2023-07-19 10:37:50,Camiseta Básica Gola Careca Masculino Reserva Novo,97297723036239321201797419194327194972220752233556883121239386346597185255604,"['Calçados, Roupas e Bolsas', 'Camisetas']",53,38,False,4.6,115.9,189.0,4936964252983512195076180058696055265376545442774969512810179191104090640154,Mercadolivre Moda,barato_dia,{'Desenho Impresso': 'Liso'}
2023-07-19 10:37:51,Camiseta Feminina Run Favourite Short Sleeve Puma,105319015577695804362714846376800792760254400066659876129250697387781671307613,"['Calçados, Roupas e Bolsas', 'Camisetas']",None,8,False,None,159.9,159.9,4936964252983512195076180058696055265376545442774969512810179191104090640154,Mercadolivre Moda,barato_dia,{'Desenho Impresso': 'Liso'}
2023-07-19 10:39:25,Kit Com 10 Cuecas Boxer Masculina Polo London Club,53699603126364006471897353529821198634974988875586987592791728047870933186587,"['Calçados, Roupas e Bolsas', 'Moda Íntima e Lingerie', 'Roupa Intima', 'Cuecas']",18,15,False,4.4,109.9,129.9,4936964252983512195076180058696055265376545442774969512810179191104090640154,Mercadolivre Moda,barato_dia,{'Cor': 'preto/branco/mescla/marinho/chumbo'}
2023-07-19 10:39:41,Tênis Grand Court 2.0 Masculino adidas,80052823847739702025751339874046661218579858131840670308102427815362959663273,"['Calçados, Roupas e Bolsas', 'Calçados', 'Tênis']",120,30,False,4.9,278.99,399.99,4936964252983512195076180058696055265376545442774969512810179191104090640154,Mercadolivre Moda,barato_dia,"{'Cor': 'CBLACK/FTWWHT/GRETWO', 'Desenho Do Tecido': 'Liso'}"
2023-07-19 10:41:00,Bota Feminina Cano Curto Pegada,70079999188781011225221240194047626212920884668585164913767014088148677728303,"['Calçados, Roupas e Bolsas', 'Calçados', 'Botas']",23,10,False,4.8,279.9,279.9,4936964252983512195076180058696055265376545442774969512810179191104090640154,Mercadolivre Moda,barato_dia,{'Desenho Do Tecido': 'Liso'}
2023-07-19 10:39:25,Tênis Masculino Streetcheck adidas Novo,60486879267664109805079147202669656723515399342105715306876722274885680485991,"['Calçados, Roupas e Bolsas', 'Calçados', 'Tênis']",54,30,False,4.9,399.99,399.99,4936964252983512195076180058696055265376545442774969512810179191104090640154,Mercadolivre Moda,barato_dia,"{'Cor': 'CBLACK/CBLACK/GREOXI', 'Desenho Do Tecido': 'Animal print'}"
2023-07-19 10:39:43,Chuteira Deportivo I I Salão adidas,65603408336123327558904663417929123947581053233095951861219315274013308157994,"['Esportes e Fitness', 'Futebol', 'Roupas', 'Chuteiras']",142,34,False,4.6,299.99,299.99,4936964252983512195076180058696055265376545442774969512810179191104090640154,Mercadolivre Moda,barato_dia,{}
2023-07-19 10:39:42,Bota Country Cano Médio Bico Fino Feminina Dakota,51286622426634302190990952977820563813123537954234157963284530353790604060700,"['Calçados, Roupas e Bolsas', 'Calçados', 'Botas']",16,40,False,5.0,339.99,339.99,4936964252983512195076180058696055265376545442774969512810179191104090640154,Mercadolivre Moda,barato_dia,{'Desenho Do Tecido': 'Liso'}
2023-07-19 10:37:58,Jaqueta Masculina Acolchoada Com Zíper Capuz Broken Rules,111600389635573548124236663612289891445719607325229727993033068484185609243435,"['Calçados, Roupas e Bolsas', 'Agasalhos', 'Casacos e Jaquetas']",18,38,False,4.9,185.0,299.99,4936964252983512195076180058696055265376545442774969512810179191104090640154,Mercadolivre Moda,barato_dia,"{'Cor': 'Verde-escuro', 'Desenho Do Tecido': 'Liso'}"
2023-07-19 10:39:43,Sapatênis Masculino Casual Eagle Life Cavalera,49915012570094941973293012872438674037920442946865809548408116611298632932564,"['Calçados, Roupas e Bolsas', 'Calçados', 'Sapatos Sociais e Mocassims']",8,36,False,4.3,269.9,269.9,4936964252983512195076180058696055265376545442774969512810179191104090640154,Mercadolivre Moda,barato_dia,{'Desenho Do Tecido': 'Liso'}
2023-07-19 10:39:27,Kit Com 10 Calcinhas Fio Dental Microfibra Feminina Delrio,85681247516903158436971561474733851925111800303338409352983454417397161094169,"['Calçados, Roupas e Bolsas', 'Moda Íntima e Lingerie', 'Roupa Intima', 'Lingerie', 'Calcinhas']",31,67,False,4.8,64.99,200.25,4936964252983512195076180058696055265376545442774969512810179191104090640154,Mercadolivre Moda,barato_dia,"{'Cor': 'Preto, Quartzo, Areia, Romance, Nature, Tigre, Felicia'}"
2023-07-19 10:41:01,Tênis Feminino Prowl Alt Wns Bdp Puma,34755674622755402000754525344706928580693338274172960413413680982811224183535,"['Calçados, Roupas e Bolsas', 'Calçados', 'Tênis']",27,12,False,4.4,227.99,399.9,4936964252983512195076180058696055265376545442774969512810179191104090640154,Mercadolivre Moda,barato_dia,{'Desenho Do Tecido': 'Liso'}
2023-07-19 10:40:53,Bota Feminina Salto Médio Beira Rio,49280257479950202034746475986885601045724407003251862771281726687240470408135,"['Calçados, Roupas e Bolsas', 'Calçados', 'Botas']",10,30,False,4.8,229.9,nan,4936964252983512195076180058696055265376545442774969512810179191104090640154,Mercadolivre Moda,barato_dia,{'Desenho Do Tecido': 'Liso'}
2023-07-19 10:34:38,1 Sutiã Plus Size Reforçado Cor Lisa Soutien Bojão Lingerie,81625416156251892404052213164542788130742393443117215962332998167243327023756,"['Calçados, Roupas e Bolsas', 'Moda Íntima e Lingerie', 'Roupa Intima', 'Lingerie', 'Sutiãs']",2005,13,True,4.2,24.86,28.9,51513867627779577105421410923531060532959206648823456075154135468242562258149,Loja Sigh,barato_dia,{}
2023-07-19 10:41:49,Tênis Fly High Feminino Ramarim,8465616145772752979028159568438005826014974642744771475492074779626659734795,"['Calçados, Roupas e Bolsas', 'Calçados', 'Tênis']",51,24,False,4.7,249.9,nan,4936964252983512195076180058696055265376545442774969512810179191104090640154,Mercadolivre Moda,barato_dia,{'Desenho Do Tecido': 'Liso'}
2023-07-19 10:39:29,Bota Feminina Country Western Vizzano,36214640687545660591938835157543712910750964915156560228461668989513703201185,"['Calçados, Roupas e Bolsas', 'Calçados', 'Botas']",16,48,False,4.8,152.99,nan,4936964252983512195076180058696055265376545442774969512810179191104090640154,Mercadolivre Moda,barato_dia,{'Desenho Do Tecido': 'Liso'}
2023-07-19 10:39:33,Chuteira Society Líder X X I I Penalty,87339958634197175874091566583255524951999863074191131993504922649206329720497,"['Esportes e Fitness', 'Futebol', 'Roupas', 'Chuteiras']",227,15,False,4.6,151.99,179.99,4936964252983512195076180058696055265376545442774969512810179191104090640154,Mercadolivre Moda,barato_dia,{}
2023-07-19 10:39:32,Tênis Feminino Flora Olympikus,90715951764619759336396790427338028874310648546078470082124567892163485391825,"['Calçados, Roupas e Bolsas', 'Calçados', 'Tênis']",134,15,False,4.9,199.99,199.99,4936964252983512195076180058696055265376545442774969512810179191104090640154,Mercadolivre Moda,barato_dia,{'Desenho Do Tecido': 'Liso'}
2023-07-19 10:39:31,Kit 10 Cuecas Masculinas Boxer Microfibra Sem Costura Duomo,21468269022839338281814392081378776925527781397950945569788226191734823424542,"['Calçados, Roupas e Bolsas', 'Moda Íntima e Lingerie', 'Roupa Intima', 'Cuecas']",372,42,False,4.8,259.99,nan,4936964252983512195076180058696055265376545442774969512810179191104090640154,Mercadolivre Moda,barato_dia,{'Desenho Do Tecido': 'Geométrico'}
2023-07-19 10:40:54,Bcaa 5000 Powder Em Pó Instant Frutas 380g Optimum Nutrition,74067358795904330716557323553809101606005858763917145649212638002658237570491,"['Saúde', 'Suplementos Alimentares']",None,46,False,None,289.99,nan,24306202260816247894586143895807404379418864775702434813929455255358727590778,Mercadolivre Supermercado,barato_dia,{}
2023-07-19 10:39:45,Tênis Masculino Aquários Olympikus,42254221503622572127891971013631045866510616091055104058445936873210349276588,"['Calçados, Roupas e Bolsas', 'Calçados', 'Tênis']",17,34,False,4.5,164.99,249.99,4936964252983512195076180058696055265376545442774969512810179191104090640154,Mercadolivre Moda,barato_dia,{'Desenho Do Tecido': 'Liso'}
2023-07-19 10:39:44,Bermuda Masculina De Compressão Olympikus Novo,2787985763035941870331144917876335438063803034698217809031540023409502445221,"['Calçados, Roupas e Bolsas', 'Bermudas e Shorts']",None,48,False,None,77.99,149.99,4936964252983512195076180058696055265376545442774969512810179191104090640154,Mercadolivre Moda,barato_dia,"{'Cor': 'Preto', 'Desenho Do Tecido': 'Liso'}"
2023-07-19 10:41:27,Kit Com 5 Camisetas Basicas Masculina Branca Hering,113510486828776323227053205662755518767513447046217915631327660442036180549120,"['Calçados, Roupas e Bolsas', 'Camisas']",123,17,False,4.4,139.9,169.99,4936964252983512195076180058696055265376545442774969512810179191104090640154,Mercadolivre Moda,barato_dia,"{'Cor': 'Branco', 'Desenho Do Tecido': 'Liso'}"
2023-07-19 10:39:35,Sandália Salto Alto Feminina Beira Rio,98365522397119742335656205876470080319494670210729684527234127749878066171194,"['Calçados, Roupas e Bolsas', 'Calçados', 'Sandálias e Chinelos']",26,20,False,4.6,169.9,nan,4936964252983512195076180058696055265376545442774969512810179191104090640154,Mercadolivre Moda,barato_dia,{'Nome Do Desenho': 'Liso'}
2023-07-19 10:39:36,Kit Com 5 Camisetas Básicas Femininas Hering,67265025637617057312869202239096946651198432954540870924120263822696170844057,"['Calçados, Roupas e Bolsas', 'Camisas']",176,17,False,4.7,139.9,169.99,4936964252983512195076180058696055265376545442774969512810179191104090640154,Mercadolivre Moda,barato_dia,"{'Cor': 'Preto, Branco e Cinza', 'Desenho Do Tecido': 'Liso'}"
2023-07-19 10:38:01,Tênis Casual Feminino Kolosh,67453557883221435665205843092390638482184102103622599021964559290602826907549,"['Calçados, Roupas e Bolsas', 'Calçados', 'Tênis']",20,21,False,5.0,157.99,199.99,4936964252983512195076180058696055265376545442774969512810179191104090640154,Mercadolivre Moda,barato_dia,{'Desenho Do Tecido': 'Liso'}
