name,bigquery_type,description,description_en,description_es,temporal_coverage,covered_by_dictionary,directory_column,measurement_unit,has_sensitive_data,observations,original_name
fiscal_year,INT64,"Ano fiscal federal norte-americano da data da ação, iniciado em 1º de outubro do ano civil anterior","United States federal fiscal year of the action date, beginning on October 1 of the previous calendar year","Año fiscal federal estadounidense de la fecha de la acción, iniciado el 1 de octubre del año civil anterior",,no,,year,no,"Coluna de partição. Renomeada de action_date_fiscal_year. O ano fiscal federal norte-americano começa em 1º de outubro do ano civil anterior, portanto não coincide com o ano civil e não é ligada ao diretório de tempo",action_date_fiscal_year
contract_transaction_unique_key,STRING,"Chave única da transação de contrato, gerada pelo USAspending","Unique key of the contract transaction, generated by USAspending","Clave única de la transacción de contrato, generada por USAspending",,no,,,no,,contract_transaction_unique_key
contract_award_unique_key,STRING,Chave única do contrato ao qual a transação pertence,Unique key of the contract award the transaction belongs to,Clave única del contrato al que pertenece la transacción,,no,,,no,,contract_award_unique_key
award_id_piid,STRING,Identificador do instrumento de compra (PIID) atribuído pela agência,Procurement instrument identifier (PIID) assigned by the agency,Identificador del instrumento de compra (PIID) asignado por la agencia,,no,,,no,,award_id_piid
modification_number,STRING,Número do aditivo que identifica esta modificação do contrato,Number of the modification that identifies this change to the award,Número de la modificación que identifica este cambio del contrato,,no,,,no,,modification_number
transaction_number,STRING,Número que distingue transações registradas com o mesmo PIID e aditivo,Number distinguishing transactions filed with the same PIID and modification,Número que distingue transacciones registradas con el mismo PIID y modificación,,no,,,no,,transaction_number
parent_award_agency_id,STRING,Código da agência que firmou o contrato-mãe (IDV),Code of the agency that awarded the parent award (IDV),Código de la agencia que firmó el contrato matriz (IDV),,no,,,no,,parent_award_agency_id
parent_award_agency_name,STRING,Nome da agência que firmou o contrato-mãe (IDV),Name of the agency that awarded the parent award (IDV),Nombre de la agencia que firmó el contrato matriz (IDV),,no,,,no,,parent_award_agency_name
parent_award_id_piid,STRING,Identificador (PIID) do contrato-mãe ao qual a ação se vincula,Identifier (PIID) of the parent award the action belongs to,Identificador (PIID) del contrato matriz al que se vincula la acción,,no,,,no,,parent_award_id_piid
parent_award_modification_number,STRING,Número do aditivo do contrato-mãe,Modification number of the parent award,Número de la modificación del contrato matriz,,no,,,no,,parent_award_modification_number
federal_action_obligation,FLOAT64,Valor empenhado ou desempenhado pelo governo federal nesta transação,Amount obligated or de-obligated by the federal government in this transaction,Monto comprometido o descomprometido por el gobierno federal en esta transacción,,no,,USD,no,,federal_action_obligation
total_dollars_obligated,FLOAT64,"Valor total empenhado no contrato, somadas todas as transações",Total amount obligated on the award across all transactions,"Monto total comprometido en el contrato, sumadas todas las transacciones",,no,,USD,no,,total_dollars_obligated
total_outlayed_amount_for_overall_award,FLOAT64,Valor total desembolsado no auxílio ou contrato até a data,Total amount outlayed on the award to date,Monto total desembolsado en la ayuda o contrato hasta la fecha,,no,,USD,no,,total_outlayed_amount_for_overall_award
base_and_exercised_options_value,FLOAT64,Valor do contrato considerando a base e as opções já exercidas nesta transação,Award value covering the base and the options exercised in this transaction,Valor del contrato considerando la base y las opciones ya ejercidas en esta transacción,,no,,USD,no,,base_and_exercised_options_value
current_total_value_of_award,FLOAT64,"Valor total corrente do contrato, incluindo as opções já exercidas","Current total value of the award, including exercised options","Valor total actual del contrato, incluidas las opciones ya ejercidas",,no,,USD,no,,current_total_value_of_award
base_and_all_options_value,FLOAT64,Valor do contrato considerando a base e todas as opções previstas nesta transação,Award value covering the base and all options contemplated in this transaction,Valor del contrato considerando la base y todas las opciones previstas en esta transacción,,no,,USD,no,,base_and_all_options_value
potential_total_value_of_award,FLOAT64,Valor total potencial do contrato caso todas as opções sejam exercidas,Potential total value of the award if all options are exercised,Valor total potencial del contrato si se ejercen todas las opciones,,no,,USD,no,,potential_total_value_of_award
disaster_emergency_fund_codes_for_overall_award,STRING,"Códigos de fundos de emergência e desastre que financiam o auxílio ou contrato, separados por ponto e vírgula","Disaster and emergency fund codes financing the award, semicolon separated","Códigos de fondos de emergencia y desastre que financian la ayuda o contrato, separados por punto y coma",,yes,,,no,,disaster_emergency_fund_codes_for_overall_award
outlayed_amount_from_covid19_supplementals_for_overall_award,FLOAT64,Valor desembolsado no auxílio ou contrato com recursos suplementares de resposta à COVID-19,Amount outlayed on the award from COVID-19 supplemental appropriations,Monto desembolsado en la ayuda o contrato con recursos suplementarios de respuesta a la COVID-19,,no,,USD,no,"Renomeada da coluna de origem, que contém hífen",outlayed_amount_from_COVID-19_supplementals_for_overall_award
obligated_amount_from_covid19_supplementals_for_overall_award,FLOAT64,Valor empenhado no auxílio ou contrato com recursos suplementares de resposta à COVID-19,Amount obligated on the award from COVID-19 supplemental appropriations,Monto comprometido en la ayuda o contrato con recursos suplementarios de respuesta a la COVID-19,,no,,USD,no,"Renomeada da coluna de origem, que contém hífen",obligated_amount_from_COVID-19_supplementals_for_overall_award
outlayed_amount_from_IIJA_supplemental_for_overall_award,FLOAT64,Valor desembolsado no auxílio ou contrato com recursos suplementares da lei de infraestrutura (IIJA),Amount outlayed on the award from the Infrastructure Investment and Jobs Act (IIJA) supplemental,Monto desembolsado en la ayuda o contrato con recursos suplementarios de la ley de infraestructura (IIJA),,no,,USD,no,,outlayed_amount_from_IIJA_supplemental_for_overall_award
obligated_amount_from_IIJA_supplemental_for_overall_award,FLOAT64,Valor empenhado no auxílio ou contrato com recursos suplementares da lei de infraestrutura (IIJA),Amount obligated on the award from the Infrastructure Investment and Jobs Act (IIJA) supplemental,Monto comprometido en la ayuda o contrato con recursos suplementarios de la ley de infraestructura (IIJA),,no,,USD,no,,obligated_amount_from_IIJA_supplemental_for_overall_award
action_date,DATE,Data em que a ação foi assinada ou passou a vigorar,Date the action was signed or became effective,Fecha en que la acción fue firmada o entró en vigor,,no,,,no,,action_date
period_of_performance_start_date,DATE,Data de início do período de execução,Start date of the period of performance,Fecha de inicio del período de ejecución,,no,,,no,,period_of_performance_start_date
period_of_performance_current_end_date,DATE,Data de término corrente do período de execução,Current end date of the period of performance,Fecha de término actual del período de ejecución,,no,,,no,,period_of_performance_current_end_date
period_of_performance_potential_end_date,DATE,Data de término do período de execução caso todas as opções sejam exercidas,End date of the period of performance if all options are exercised,Fecha de término del período de ejecución si se ejercen todas las opciones,,no,,,no,,period_of_performance_potential_end_date
ordering_period_end_date,DATE,Data-limite para emissão de novos pedidos sob o contrato-mãe,Last date on which new orders may be placed under the parent award,Fecha límite para emitir nuevos pedidos bajo el contrato matriz,,no,,,no,,ordering_period_end_date
solicitation_date,DATE,Data de publicação do edital,Date the solicitation was issued,Fecha de publicación de la convocatoria,,no,,,no,,solicitation_date
awarding_agency_code,STRING,Código CGAC da agência que concedeu o auxílio ou contrato,CGAC code of the agency that made the award,Código CGAC de la agencia que concedió la ayuda o contrato,,no,,,no,,awarding_agency_code
awarding_agency_name,STRING,Nome da agência que concedeu o auxílio ou contrato,Name of the agency that made the award,Nombre de la agencia que concedió la ayuda o contrato,,no,,,no,,awarding_agency_name
awarding_sub_agency_code,STRING,Código da subagência que concedeu o auxílio ou contrato,Code of the sub-agency that made the award,Código de la subagencia que concedió la ayuda o contrato,,no,,,no,,awarding_sub_agency_code
awarding_sub_agency_name,STRING,Nome da subagência que concedeu o auxílio ou contrato,Name of the sub-agency that made the award,Nombre de la subagencia que concedió la ayuda o contrato,,no,,,no,,awarding_sub_agency_name
awarding_office_code,STRING,Código do escritório que concedeu o auxílio ou contrato,Code of the office that made the award,Código de la oficina que concedió la ayuda o contrato,,no,,,no,,awarding_office_code
awarding_office_name,STRING,Nome do escritório que concedeu o auxílio ou contrato,Name of the office that made the award,Nombre de la oficina que concedió la ayuda o contrato,,no,,,no,,awarding_office_name
funding_agency_code,STRING,Código CGAC da agência que forneceu os recursos,CGAC code of the agency that provided the funds,Código CGAC de la agencia que aportó los recursos,,no,,,no,,funding_agency_code
funding_agency_name,STRING,Nome da agência que forneceu os recursos,Name of the agency that provided the funds,Nombre de la agencia que aportó los recursos,,no,,,no,,funding_agency_name
funding_sub_agency_code,STRING,Código da subagência que forneceu os recursos,Code of the sub-agency that provided the funds,Código de la subagencia que aportó los recursos,,no,,,no,,funding_sub_agency_code
funding_sub_agency_name,STRING,Nome da subagência que forneceu os recursos,Name of the sub-agency that provided the funds,Nombre de la subagencia que aportó los recursos,,no,,,no,,funding_sub_agency_name
funding_office_code,STRING,Código do escritório que forneceu os recursos,Code of the office that provided the funds,Código de la oficina que aportó los recursos,,no,,,no,,funding_office_code
funding_office_name,STRING,Nome do escritório que forneceu os recursos,Name of the office that provided the funds,Nombre de la oficina que aportó los recursos,,no,,,no,,funding_office_name
treasury_accounts_funding_this_award,STRING,"Contas do Tesouro (TAS) que financiam o auxílio ou contrato, separadas por ponto e vírgula","Treasury accounts (TAS) funding the award, semicolon separated","Cuentas del Tesoro (TAS) que financian la ayuda o contrato, separadas por punto y coma",,no,,,no,,treasury_accounts_funding_this_award
federal_accounts_funding_this_award,STRING,"Contas federais que financiam o auxílio ou contrato, separadas por ponto e vírgula","Federal accounts funding the award, semicolon separated","Cuentas federales que financian la ayuda o contrato, separadas por punto y coma",,no,,,no,,federal_accounts_funding_this_award
object_classes_funding_this_award,STRING,"Classes de objeto de despesa que financiam o auxílio ou contrato, separadas por ponto e vírgula","Object classes funding the award, semicolon separated","Clases de objeto de gasto que financian la ayuda o contrato, separadas por punto y coma",,no,,,no,,object_classes_funding_this_award
program_activities_funding_this_award,STRING,"Atividades programáticas que financiam o auxílio ou contrato, separadas por ponto e vírgula","Program activities funding the award, semicolon separated","Actividades programáticas que financian la ayuda o contrato, separadas por punto y coma",,no,,,no,,program_activities_funding_this_award
foreign_funding,STRING,Código de uso de recursos de origem estrangeira no contrato,Code for use of foreign funding in the contract,Código de uso de recursos de origen extranjero en el contrato,,yes,,,no,,foreign_funding
foreign_funding_description,STRING,Descrição de uso de recursos de origem estrangeira no contrato,Description of use of foreign funding in the contract,Descripción de uso de recursos de origen extranjero en el contrato,,no,,,no,,foreign_funding_description
sam_exception,STRING,Código de exceção que dispensa o fornecedor de registro no SAM,Code for exception releasing the vendor from SAM registration,Código de excepción que exime al proveedor del registro en SAM,,yes,,,no,,sam_exception
sam_exception_description,STRING,Descrição de exceção que dispensa o fornecedor de registro no SAM,Description of exception releasing the vendor from SAM registration,Descripción de excepción que exime al proveedor del registro en SAM,,no,,,no,,sam_exception_description
recipient_uei,STRING,Identificador único de entidade (UEI) do beneficiário,Unique entity identifier (UEI) of the recipient,Identificador único de entidad (UEI) del beneficiario,,no,,,no,,recipient_uei
recipient_duns,STRING,"Número DUNS do beneficiário, identificador usado antes da adoção do UEI","DUNS number of the recipient, the identifier used before UEI adoption","Número DUNS del beneficiario, identificador usado antes de la adopción del UEI",,no,,,no,"Descontinuado em abril de 2022, quando o UEI passou a ser o identificador oficial",recipient_duns
recipient_name,STRING,"Nome do beneficiário, padronizado a partir do registro no SAM","Name of the recipient, standardized from its SAM registration","Nombre del beneficiario, estandarizado a partir de su registro en SAM",,no,,,no,,recipient_name
recipient_name_raw,STRING,Nome do beneficiário exatamente como informado pela agência,Name of the recipient exactly as reported by the agency,Nombre del beneficiario exactamente como fue informado por la agencia,,no,,,no,,recipient_name_raw
recipient_doing_business_as_name,STRING,Nome fantasia do beneficiário,Doing-business-as name of the recipient,Nombre comercial del beneficiario,,no,,,no,,recipient_doing_business_as_name
cage_code,STRING,"Código CAGE do beneficiário, atribuído pelo Departamento de Defesa","CAGE code of the recipient, assigned by the Department of Defense","Código CAGE del beneficiario, asignado por el Departamento de Defensa",,no,,,no,,cage_code
recipient_parent_uei,STRING,Identificador único de entidade (UEI) da controladora do beneficiário,Unique entity identifier (UEI) of the recipient's parent entity,Identificador único de entidad (UEI) de la controladora del beneficiario,,no,,,no,,recipient_parent_uei
recipient_parent_duns,STRING,Número DUNS da controladora do beneficiário,DUNS number of the recipient's parent entity,Número DUNS de la controladora del beneficiario,,no,,,no,"Descontinuado em abril de 2022, quando o UEI passou a ser o identificador oficial",recipient_parent_duns
recipient_parent_name,STRING,"Nome da controladora do beneficiário, padronizado a partir do registro no SAM","Name of the recipient's parent entity, standardized from its SAM registration","Nombre de la controladora del beneficiario, estandarizado a partir de su registro en SAM",,no,,,no,,recipient_parent_name
recipient_parent_name_raw,STRING,Nome da controladora do beneficiário exatamente como informado pela agência,Name of the recipient's parent entity exactly as reported by the agency,Nombre de la controladora del beneficiario exactamente como fue informado por la agencia,,no,,,no,,recipient_parent_name_raw
recipient_country_code,STRING,Código do país do endereço do beneficiário,Country code of the recipient address,Código del país de la dirección del beneficiario,,no,,,no,,recipient_country_code
recipient_country_name,STRING,Nome do país do endereço do beneficiário,Country name of the recipient address,Nombre del país de la dirección del beneficiario,,no,,,no,,recipient_country_name
recipient_address_line_1,STRING,Primeira linha do endereço do beneficiário,First line of the recipient address,Primera línea de la dirección del beneficiario,,no,,,no,,recipient_address_line_1
recipient_address_line_2,STRING,Segunda linha do endereço do beneficiário,Second line of the recipient address,Segunda línea de la dirección del beneficiario,,no,,,no,,recipient_address_line_2
recipient_city_name,STRING,Nome da cidade do beneficiário,Name of the recipient city,Nombre de la ciudad del beneficiario,,no,,,no,,recipient_city_name
prime_award_transaction_recipient_county_fips_code,STRING,Código FIPS de cinco dígitos do condado do beneficiário,Five-digit FIPS code of the recipient county,Código FIPS de cinco dígitos del condado del beneficiario,,no,br_bd_diretorios_us.county:id_county,,no,"A fonte emite parte dos valores corrompidos por conversão numérica — o código do condado perde o zero à esquerda e ganha o sufixo '.0' (Franklin/OH, 39049, chega como '3949.0') —, corrigidos no modelo dbt. Registros agregados por estado usam o sentinela '<estado>000', que não é um condado. Códigos aposentados (Connecticut antes de 2022, Dade antes de Miami-Dade, Ormsby/NV) não resolvem contra o diretório de vintage corrente, por isso a coluna não tem teste de integridade referencial",prime_award_transaction_recipient_county_fips_code
recipient_county_name,STRING,Nome do condado do beneficiário,Name of the recipient county,Nombre del condado del beneficiario,,no,,,no,,recipient_county_name
prime_award_transaction_recipient_state_fips_code,STRING,Código FIPS de dois dígitos do estado do beneficiário,Two-digit FIPS code of the recipient state,Código FIPS de dos dígitos del estado del beneficiario,,no,br_bd_diretorios_us.state:id_state,,no,,prime_award_transaction_recipient_state_fips_code
recipient_state_code,STRING,Sigla de duas letras do estado do beneficiário,Two-letter abbreviation of the recipient state,Sigla de dos letras del estado del beneficiario,,no,,,no,Sigla postal; a ligação ao diretório é feita pela coluna de código FIPS,recipient_state_code
recipient_state_name,STRING,Nome do estado do beneficiário,Name of the recipient state,Nombre del estado del beneficiario,,no,,,no,,recipient_state_name
recipient_zip_4_code,STRING,"CEP do beneficiário no formato ZIP+4, de nove dígitos","Recipient ZIP+4 code, nine digits","Código postal del beneficiario en formato ZIP+4, de nueve dígitos",,no,,,no,,recipient_zip_4_code
prime_award_transaction_recipient_cd_original,STRING,Distrito eleitoral do beneficiário na delimitação vigente na data da ação,Congressional district of the recipient under the districting in force on the action date,Distrito electoral del beneficiario según la delimitación vigente en la fecha de la acción,,no,,,no,,prime_award_transaction_recipient_cd_original
prime_award_transaction_recipient_cd_current,STRING,Distrito eleitoral do beneficiário na delimitação vigente atualmente,Congressional district of the recipient under the current districting,Distrito electoral del beneficiario según la delimitación vigente actualmente,,no,,,no,,prime_award_transaction_recipient_cd_current
recipient_phone_number,STRING,Telefone do beneficiário,Telephone number of the recipient,Teléfono del beneficiario,,no,,,no,,recipient_phone_number
recipient_fax_number,STRING,Fax do beneficiário,Fax number of the recipient,Fax del beneficiario,,no,,,no,,recipient_fax_number
primary_place_of_performance_country_code,STRING,Código do país onde a execução ocorre,Country code of the primary place of performance,Código del país donde ocurre la ejecución,,no,,,no,,primary_place_of_performance_country_code
primary_place_of_performance_country_name,STRING,Nome do país onde a execução ocorre,Country name of the primary place of performance,Nombre del país donde ocurre la ejecución,,no,,,no,,primary_place_of_performance_country_name
primary_place_of_performance_city_name,STRING,Nome da cidade onde a execução ocorre,City name of the primary place of performance,Nombre de la ciudad donde ocurre la ejecución,,no,,,no,,primary_place_of_performance_city_name
prime_award_transaction_place_of_performance_county_fips_code,STRING,Código FIPS de cinco dígitos do condado onde a execução ocorre,Five-digit FIPS code of the county of the primary place of performance,Código FIPS de cinco dígitos del condado donde ocurre la ejecución,,no,br_bd_diretorios_us.county:id_county,,no,"A fonte emite parte dos valores corrompidos por conversão numérica — o código do condado perde o zero à esquerda e ganha o sufixo '.0' (Franklin/OH, 39049, chega como '3949.0') —, corrigidos no modelo dbt. Registros agregados por estado usam o sentinela '<estado>000', que não é um condado. Códigos aposentados (Connecticut antes de 2022, Dade antes de Miami-Dade, Ormsby/NV) não resolvem contra o diretório de vintage corrente, por isso a coluna não tem teste de integridade referencial",prime_award_transaction_place_of_performance_county_fips_code
primary_place_of_performance_county_name,STRING,Nome do condado onde a execução ocorre,County name of the primary place of performance,Nombre del condado donde ocurre la ejecución,,no,,,no,,primary_place_of_performance_county_name
prime_award_transaction_place_of_performance_state_fips_code,STRING,Código FIPS de dois dígitos do estado onde a execução ocorre,Two-digit FIPS code of the state of the primary place of performance,Código FIPS de dos dígitos del estado donde ocurre la ejecución,,no,br_bd_diretorios_us.state:id_state,,no,,prime_award_transaction_place_of_performance_state_fips_code
primary_place_of_performance_state_code,STRING,Sigla de duas letras do estado onde a execução ocorre,Two-letter abbreviation of the state of the primary place of performance,Sigla de dos letras del estado donde ocurre la ejecución,,no,,,no,Sigla postal; a ligação ao diretório é feita pela coluna de código FIPS,primary_place_of_performance_state_code
primary_place_of_performance_state_name,STRING,Nome do estado onde a execução ocorre,State name of the primary place of performance,Nombre del estado donde ocurre la ejecución,,no,,,no,,primary_place_of_performance_state_name
primary_place_of_performance_zip_4,STRING,CEP do local de execução no formato ZIP+4,ZIP+4 code of the primary place of performance,Código postal del lugar de ejecución en formato ZIP+4,,no,,,no,,primary_place_of_performance_zip_4
prime_award_transaction_place_of_performance_cd_original,STRING,Distrito eleitoral do local de execução na delimitação vigente na data da ação,Congressional district of the place of performance under the districting in force on the action date,Distrito electoral del lugar de ejecución según la delimitación vigente en la fecha de la acción,,no,,,no,,prime_award_transaction_place_of_performance_cd_original
prime_award_transaction_place_of_performance_cd_current,STRING,Distrito eleitoral do local de execução na delimitação vigente atualmente,Congressional district of the place of performance under the current districting,Distrito electoral del lugar de ejecución según la delimitación vigente actualmente,,no,,,no,,prime_award_transaction_place_of_performance_cd_current
award_or_idv_flag,STRING,Indica se o registro é um contrato ou um veículo de entrega indefinida (IDV),Indicates whether the record is an award or an indefinite delivery vehicle (IDV),Indica si el registro es un contrato o un vehículo de entrega indefinida (IDV),,yes,,,no,,award_or_idv_flag
award_type_code,STRING,Código de tipo de contrato firmado,Code for type of contract awarded,Código de tipo de contrato firmado,,yes,,,no,,award_type_code
award_type,STRING,Descrição de tipo de contrato firmado,Description of type of contract awarded,Descripción de tipo de contrato firmado,,no,,,no,,award_type
idv_type_code,STRING,Código de tipo de veículo de entrega indefinida (IDV),Code for type of indefinite delivery vehicle (IDV),Código de tipo de vehículo de entrega indefinida (IDV),,yes,,,no,,idv_type_code
idv_type,STRING,Descrição de tipo de veículo de entrega indefinida (IDV),Description of type of indefinite delivery vehicle (IDV),Descripción de tipo de vehículo de entrega indefinida (IDV),,no,,,no,,idv_type
multiple_or_single_award_idv_code,STRING,Código de indicação de que o IDV admite um ou múltiplos contratados,Code for whether the IDV allows a single or multiple awardees,Código de indicación de si el IDV admite uno o varios contratistas,,yes,,,no,,multiple_or_single_award_idv_code
multiple_or_single_award_idv,STRING,Descrição de indicação de que o IDV admite um ou múltiplos contratados,Description of whether the IDV allows a single or multiple awardees,Descripción de indicación de si el IDV admite uno o varios contratistas,,no,,,no,,multiple_or_single_award_idv
type_of_idc_code,STRING,Código de tipo de contrato de entrega indefinida (IDC),Code for type of indefinite delivery contract (IDC),Código de tipo de contrato de entrega indefinida (IDC),,yes,,,no,,type_of_idc_code
type_of_idc,STRING,Descrição de tipo de contrato de entrega indefinida (IDC),Description of type of indefinite delivery contract (IDC),Descripción de tipo de contrato de entrega indefinida (IDC),,no,,,no,,type_of_idc
type_of_contract_pricing_code,STRING,Código de regime de preços do contrato,Code for contract pricing arrangement,Código de régimen de precios del contrato,,yes,,,no,,type_of_contract_pricing_code
type_of_contract_pricing,STRING,Descrição de regime de preços do contrato,Description of contract pricing arrangement,Descripción de régimen de precios del contrato,,no,,,no,,type_of_contract_pricing
transaction_description,STRING,Descrição do objeto desta transação,Description of the purpose of this transaction,Descripción del objeto de esta transacción,,no,,,no,,transaction_description
prime_award_base_transaction_description,STRING,Descrição do objeto da transação inicial do auxílio ou contrato,Description of the purpose of the award's base transaction,Descripción del objeto de la transacción inicial de la ayuda o contrato,,no,,,no,,prime_award_base_transaction_description
action_type_code,STRING,Código de tipo de ação registrada na transação,Code for type of action recorded by the transaction,Código de tipo de acción registrada en la transacción,,yes,,,no,,action_type_code
action_type,STRING,Descrição de tipo de ação registrada na transação,Description of type of action recorded by the transaction,Descripción de tipo de acción registrada en la transacción,,no,,,no,,action_type
solicitation_identifier,STRING,Identificador do edital que originou a contratação,Identifier of the solicitation that originated the award,Identificador de la convocatoria que originó la contratación,,no,,,no,,solicitation_identifier
number_of_actions,INT64,Número de ações agrupadas neste registro,Number of actions grouped in this record,Número de acciones agrupadas en este registro,,no,,action,no,,number_of_actions
inherently_governmental_functions,STRING,Código de classificação do serviço quanto a funções inerentemente governamentais,Code for classification of the service with respect to inherently governmental functions,Código de clasificación del servicio respecto a funciones inherentemente gubernamentales,,yes,,,no,,inherently_governmental_functions
inherently_governmental_functions_description,STRING,Descrição de classificação do serviço quanto a funções inerentemente governamentais,Description of classification of the service with respect to inherently governmental functions,Descripción de clasificación del servicio respecto a funciones inherentemente gubernamentales,,no,,,no,,inherently_governmental_functions_description
product_or_service_code,STRING,"Código de produto ou serviço adquirido, segundo o PSC Manual","Code for product or service purchased, per the PSC Manual","Código de producto o servicio adquirido, según el PSC Manual",,no,,,no,,product_or_service_code
product_or_service_code_description,STRING,"Descrição de produto ou serviço adquirido, segundo o PSC Manual","Description of product or service purchased, per the PSC Manual","Descripción de producto o servicio adquirido, según el PSC Manual",,no,,,no,,product_or_service_code_description
contract_bundling_code,STRING,Código de agrupamento (bundling) de requisitos no contrato,Code for bundling of requirements in the contract,Código de agrupamiento (bundling) de requisitos en el contrato,,yes,,,no,,contract_bundling_code
contract_bundling,STRING,Descrição de agrupamento (bundling) de requisitos no contrato,Description of bundling of requirements in the contract,Descripción de agrupamiento (bundling) de requisitos en el contrato,,no,,,no,,contract_bundling
dod_claimant_program_code,STRING,Código de programa reivindicante do Departamento de Defesa,Code for Department of Defense claimant program,Código de programa reclamante del Departamento de Defensa,,no,,,no,,dod_claimant_program_code
dod_claimant_program_description,STRING,Descrição de programa reivindicante do Departamento de Defesa,Description of Department of Defense claimant program,Descripción de programa reclamante del Departamento de Defensa,,no,,,no,,dod_claimant_program_description
naics_code,STRING,Código de atividade econômica do contratado na classificação NAICS,Code for economic activity of the contractor under the NAICS classification,Código de actividad económica del contratista en la clasificación NAICS,,no,,,no,"A vintage do NAICS acompanha a data da ação e varia ao longo da série, de modo que não existe um único diretório de vintage ao qual a coluna possa ser ligada",naics_code
naics_description,STRING,Descrição de atividade econômica do contratado na classificação NAICS,Description of economic activity of the contractor under the NAICS classification,Descripción de actividad económica del contratista en la clasificación NAICS,,no,,,no,,naics_description
recovered_materials_sustainability_code,STRING,Código de cláusulas de materiais recuperados e sustentabilidade aplicadas,Code for recovered materials and sustainability clauses applied,Código de cláusulas de materiales recuperados y sostenibilidad aplicadas,,yes,,,no,,recovered_materials_sustainability_code
recovered_materials_sustainability,STRING,Descrição de cláusulas de materiais recuperados e sustentabilidade aplicadas,Description of recovered materials and sustainability clauses applied,Descripción de cláusulas de materiales recuperados y sostenibilidad aplicadas,,no,,,no,,recovered_materials_sustainability
domestic_or_foreign_entity_code,STRING,Código de natureza doméstica ou estrangeira do contratado,Code for domestic or foreign status of the contractor,Código de naturaleza nacional o extranjera del contratista,,yes,,,no,,domestic_or_foreign_entity_code
domestic_or_foreign_entity,STRING,Descrição de natureza doméstica ou estrangeira do contratado,Description of domestic or foreign status of the contractor,Descripción de naturaleza nacional o extranjera del contratista,,no,,,no,,domestic_or_foreign_entity
dod_acquisition_program_code,STRING,Código de programa de aquisição do Departamento de Defesa,Code for Department of Defense acquisition program,Código de programa de adquisición del Departamento de Defensa,,no,,,no,,dod_acquisition_program_code
dod_acquisition_program_description,STRING,Descrição de programa de aquisição do Departamento de Defesa,Description of Department of Defense acquisition program,Descripción de programa de adquisición del Departamento de Defensa,,no,,,no,,dod_acquisition_program_description
information_technology_commercial_item_category_code,STRING,Código de categoria comercial do item de tecnologia da informação adquirido,Code for commercial category of the information technology item purchased,Código de categoría comercial del artículo de tecnología de la información adquirido,,yes,,,no,,information_technology_commercial_item_category_code
information_technology_commercial_item_category,STRING,Descrição de categoria comercial do item de tecnologia da informação adquirido,Description of commercial category of the information technology item purchased,Descripción de categoría comercial del artículo de tecnología de la información adquirido,,no,,,no,,information_technology_commercial_item_category
epa_designated_product_code,STRING,Código de atendimento aos requisitos de produtos designados pela EPA,Code for compliance with EPA designated product requirements,Código de cumplimiento de los requisitos de productos designados por la EPA,,yes,,,no,,epa_designated_product_code
epa_designated_product,STRING,Descrição de atendimento aos requisitos de produtos designados pela EPA,Description of compliance with EPA designated product requirements,Descripción de cumplimiento de los requisitos de productos designados por la EPA,,no,,,no,,epa_designated_product
country_of_product_or_service_origin_code,STRING,Código de país de origem do produto ou serviço adquirido,Code for country of origin of the product or service purchased,Código de país de origen del producto o servicio adquirido,,no,,,no,,country_of_product_or_service_origin_code
country_of_product_or_service_origin,STRING,Descrição de país de origem do produto ou serviço adquirido,Description of country of origin of the product or service purchased,Descripción de país de origen del producto o servicio adquirido,,no,,,no,,country_of_product_or_service_origin
place_of_manufacture_code,STRING,Código de local de fabricação do produto ou de prestação do serviço,Code for place where the product was manufactured or the service performed,Código de lugar de fabricación del producto o de prestación del servicio,,yes,,,no,,place_of_manufacture_code
place_of_manufacture,STRING,Descrição de local de fabricação do produto ou de prestação do serviço,Description of place where the product was manufactured or the service performed,Descripción de lugar de fabricación del producto o de prestación del servicio,,no,,,no,,place_of_manufacture
subcontracting_plan_code,STRING,Código de exigência de plano de subcontratação,Code for subcontracting plan requirement,Código de exigencia de plan de subcontratación,,yes,,,no,,subcontracting_plan_code
subcontracting_plan,STRING,Descrição de exigência de plano de subcontratação,Description of subcontracting plan requirement,Descripción de exigencia de plan de subcontratación,,no,,,no,,subcontracting_plan
extent_competed_code,STRING,Código de grau de competição na contratação,Code for extent to which the award was competed,Código de grado de competencia en la contratación,,yes,,,no,,extent_competed_code
extent_competed,STRING,Descrição de grau de competição na contratação,Description of extent to which the award was competed,Descripción de grado de competencia en la contratación,,no,,,no,,extent_competed
solicitation_procedures_code,STRING,Código de procedimento de solicitação de propostas utilizado,Code for solicitation procedure used,Código de procedimiento de solicitud de propuestas utilizado,,yes,,,no,,solicitation_procedures_code
solicitation_procedures,STRING,Descrição de procedimento de solicitação de propostas utilizado,Description of solicitation procedure used,Descripción de procedimiento de solicitud de propuestas utilizado,,no,,,no,,solicitation_procedures
type_of_set_aside_code,STRING,Código de tipo de reserva de mercado (set-aside) aplicada,Code for type of set-aside applied,Código de tipo de reserva de mercado (set-aside) aplicada,,yes,,,no,,type_of_set_aside_code
type_of_set_aside,STRING,Descrição de tipo de reserva de mercado (set-aside) aplicada,Description of type of set-aside applied,Descripción de tipo de reserva de mercado (set-aside) aplicada,,no,,,no,,type_of_set_aside
evaluated_preference_code,STRING,Código de preferência avaliada na comparação de propostas,Code for preference evaluated when comparing offers,Código de preferencia evaluada en la comparación de propuestas,,yes,,,no,,evaluated_preference_code
evaluated_preference,STRING,Descrição de preferência avaliada na comparação de propostas,Description of preference evaluated when comparing offers,Descripción de preferencia evaluada en la comparación de propuestas,,no,,,no,,evaluated_preference
research_code,STRING,Código de enquadramento da ação em programa de pesquisa para pequenas empresas,Code for classification of the action under a small business research program,Código de clasificación de la acción en un programa de investigación para pequeñas empresas,,yes,,,no,,research_code
research,STRING,Descrição de enquadramento da ação em programa de pesquisa para pequenas empresas,Description of classification of the action under a small business research program,Descripción de clasificación de la acción en un programa de investigación para pequeñas empresas,,no,,,no,,research
fair_opportunity_limited_sources_code,STRING,Código de justificativa para limitar fontes sob a regra de oportunidade justa,Code for justification for limiting sources under the fair opportunity rule,Código de justificación para limitar fuentes bajo la regla de oportunidad justa,,yes,,,no,,fair_opportunity_limited_sources_code
fair_opportunity_limited_sources,STRING,Descrição de justificativa para limitar fontes sob a regra de oportunidade justa,Description of justification for limiting sources under the fair opportunity rule,Descripción de justificación para limitar fuentes bajo la regla de oportunidad justa,,no,,,no,,fair_opportunity_limited_sources
other_than_full_and_open_competition_code,STRING,Código de fundamento legal para dispensa de competição ampla e aberta,Code for statutory authority for other than full and open competition,Código de fundamento legal para prescindir de competencia amplia y abierta,,yes,,,no,,other_than_full_and_open_competition_code
other_than_full_and_open_competition,STRING,Descrição de fundamento legal para dispensa de competição ampla e aberta,Description of statutory authority for other than full and open competition,Descripción de fundamento legal para prescindir de competencia amplia y abierta,,no,,,no,,other_than_full_and_open_competition
number_of_offers_received,INT64,Número de propostas recebidas na licitação,Number of offers received in the solicitation,Número de propuestas recibidas en la licitación,,no,,offer,no,,number_of_offers_received
commercial_item_acquisition_procedures_code,STRING,Código de procedimento de aquisição de item comercial aplicado,Code for commercial item acquisition procedure applied,Código de procedimiento de adquisición de artículo comercial aplicado,,yes,,,no,,commercial_item_acquisition_procedures_code
commercial_item_acquisition_procedures,STRING,Descrição de procedimento de aquisição de item comercial aplicado,Description of commercial item acquisition procedure applied,Descripción de procedimiento de adquisición de artículo comercial aplicado,,no,,,no,,commercial_item_acquisition_procedures
small_business_competitiveness_demonstration_program,STRING,Indica se a contratação integra o programa de demonstração de competitividade de pequenas empresas,Indicates whether the award is part of the Small Business Competitiveness Demonstration Program,Indica si la contratación forma parte del programa de demostración de competitividad de pequeñas empresas,,yes,,,no,,small_business_competitiveness_demonstration_program
simplified_procedures_for_certain_commercial_items_code,STRING,Código de uso de procedimentos simplificados para certos itens comerciais,Code for use of simplified procedures for certain commercial items,Código de uso de procedimientos simplificados para ciertos artículos comerciales,,yes,,,no,,simplified_procedures_for_certain_commercial_items_code
simplified_procedures_for_certain_commercial_items,STRING,Descrição de uso de procedimentos simplificados para certos itens comerciais,Description of use of simplified procedures for certain commercial items,Descripción de uso de procedimientos simplificados para ciertos artículos comerciales,,no,,,no,,simplified_procedures_for_certain_commercial_items
a76_fair_act_action_code,STRING,Código de vínculo da ação a estudo de terceirização A-76 (FAIR Act),Code for link between the action and an A-76 (FAIR Act) competition,Código de vínculo de la acción con un estudio de tercerización A-76 (FAIR Act),,yes,,,no,,a76_fair_act_action_code
a76_fair_act_action,STRING,Descrição de vínculo da ação a estudo de terceirização A-76 (FAIR Act),Description of link between the action and an A-76 (FAIR Act) competition,Descripción de vínculo de la acción con un estudio de tercerización A-76 (FAIR Act),,no,,,no,,a76_fair_act_action
fed_biz_opps_code,STRING,Código de publicação da oportunidade no FedBizOpps,Code for publication of the opportunity on FedBizOpps,Código de publicación de la oportunidad en FedBizOpps,,yes,,,no,,fed_biz_opps_code
fed_biz_opps,STRING,Descrição de publicação da oportunidade no FedBizOpps,Description of publication of the opportunity on FedBizOpps,Descripción de publicación de la oportunidad en FedBizOpps,,no,,,no,,fed_biz_opps
local_area_set_aside_code,STRING,Código de reserva de mercado para empresas da área atingida por desastre,Code for set-aside for firms in a disaster-affected local area,Código de reserva de mercado para empresas del área afectada por un desastre,,yes,,,no,,local_area_set_aside_code
local_area_set_aside,STRING,Descrição de reserva de mercado para empresas da área atingida por desastre,Description of set-aside for firms in a disaster-affected local area,Descripción de reserva de mercado para empresas del área afectada por un desastre,,no,,,no,,local_area_set_aside
price_evaluation_adjustment_preference_percent_difference,FLOAT64,Percentual de ajuste de preço aplicado em favor de pequenas empresas desfavorecidas,Percentage price evaluation adjustment applied in favor of small disadvantaged businesses,Porcentaje de ajuste de precio aplicado en favor de pequeñas empresas desfavorecidas,,no,,percent,no,,price_evaluation_adjustment_preference_percent_difference
clinger_cohen_act_planning_code,STRING,Código de conformidade da aquisição de TI com o Clinger-Cohen Act,Code for compliance of the IT acquisition with the Clinger-Cohen Act,Código de conformidad de la adquisición de TI con la Clinger-Cohen Act,,yes,,,no,,clinger_cohen_act_planning_code
clinger_cohen_act_planning,STRING,Descrição de conformidade da aquisição de TI com o Clinger-Cohen Act,Description of compliance of the IT acquisition with the Clinger-Cohen Act,Descripción de conformidad de la adquisición de TI con la Clinger-Cohen Act,,no,,,no,,clinger_cohen_act_planning
materials_supplies_articles_equipment_code,STRING,Código de aplicação da cláusula Walsh-Healey de materiais e equipamentos,Code for applicability of the Walsh-Healey materials and equipment clause,Código de aplicación de la cláusula Walsh-Healey de materiales y equipos,,yes,,,no,,materials_supplies_articles_equipment_code
materials_supplies_articles_equipment,STRING,Descrição de aplicação da cláusula Walsh-Healey de materiais e equipamentos,Description of applicability of the Walsh-Healey materials and equipment clause,Descripción de aplicación de la cláusula Walsh-Healey de materiales y equipos,,no,,,no,,materials_supplies_articles_equipment
labor_standards_code,STRING,Código de aplicação das normas trabalhistas do Service Contract Act,Code for applicability of Service Contract Act labor standards,Código de aplicación de las normas laborales del Service Contract Act,,yes,,,no,,labor_standards_code
labor_standards,STRING,Descrição de aplicação das normas trabalhistas do Service Contract Act,Description of applicability of Service Contract Act labor standards,Descripción de aplicación de las normas laborales del Service Contract Act,,no,,,no,,labor_standards
construction_wage_rate_requirements_code,STRING,Código de aplicação dos pisos salariais de construção do Davis-Bacon Act,Code for applicability of Davis-Bacon Act construction wage rates,Código de aplicación de los salarios mínimos de construcción del Davis-Bacon Act,,yes,,,no,,construction_wage_rate_requirements_code
construction_wage_rate_requirements,STRING,Descrição de aplicação dos pisos salariais de construção do Davis-Bacon Act,Description of applicability of Davis-Bacon Act construction wage rates,Descripción de aplicación de los salarios mínimos de construcción del Davis-Bacon Act,,no,,,no,,construction_wage_rate_requirements
interagency_contracting_authority_code,STRING,Código de fundamento legal da contratação interagências,Code for statutory authority for interagency contracting,Código de fundamento legal de la contratación interagencial,,yes,,,no,,interagency_contracting_authority_code
interagency_contracting_authority,STRING,Descrição de fundamento legal da contratação interagências,Description of statutory authority for interagency contracting,Descripción de fundamento legal de la contratación interagencial,,no,,,no,,interagency_contracting_authority
other_statutory_authority,STRING,Descrição de outra autoridade estatutária que fundamenta a contratação,Description of other statutory authority supporting the award,Descripción de otra autoridad estatutaria que fundamenta la contratación,,no,,,no,,other_statutory_authority
program_acronym,STRING,Sigla do programa ao qual a contratação se vincula,Acronym of the program the award belongs to,Sigla del programa al que se vincula la contratación,,no,,,no,,program_acronym
parent_award_type_code,STRING,Código de tipo do contrato-mãe (IDV) ao qual a ação se vincula,Code for type of the parent award (IDV) the action belongs to,Código de tipo del contrato matriz (IDV) al que se vincula la acción,,yes,,,no,,parent_award_type_code
parent_award_type,STRING,Descrição de tipo do contrato-mãe (IDV) ao qual a ação se vincula,Description of type of the parent award (IDV) the action belongs to,Descripción de tipo del contrato matriz (IDV) al que se vincula la acción,,no,,,no,,parent_award_type
parent_award_single_or_multiple_code,STRING,Código de indicação de contratado único ou múltiplo no contrato-mãe,Code for whether the parent award has a single or multiple awardees,Código de indicación de contratista único o múltiple en el contrato matriz,,yes,,,no,,parent_award_single_or_multiple_code
parent_award_single_or_multiple,STRING,Descrição de indicação de contratado único ou múltiplo no contrato-mãe,Description of whether the parent award has a single or multiple awardees,Descripción de indicación de contratista único o múltiple en el contrato matriz,,no,,,no,,parent_award_single_or_multiple
major_program,STRING,Nome do programa principal ao qual a contratação se vincula,Name of the major program the award belongs to,Nombre del programa principal al que se vincula la contratación,,no,,,no,,major_program
national_interest_action_code,STRING,Código de evento de interesse nacional associado à ação,Code for national interest event associated with the action,Código de evento de interés nacional asociado a la acción,,yes,,,no,,national_interest_action_code
national_interest_action,STRING,Descrição de evento de interesse nacional associado à ação,Description of national interest event associated with the action,Descripción de evento de interés nacional asociado a la acción,,no,,,no,,national_interest_action
cost_or_pricing_data_code,STRING,Código de obtenção de dados de custo ou preço do fornecedor,Code for whether cost or pricing data were obtained from the vendor,Código de obtención de datos de costo o precio del proveedor,,yes,,,no,,cost_or_pricing_data_code
cost_or_pricing_data,STRING,Descrição de obtenção de dados de custo ou preço do fornecedor,Description of whether cost or pricing data were obtained from the vendor,Descripción de obtención de datos de costo o precio del proveedor,,no,,,no,,cost_or_pricing_data
cost_accounting_standards_clause_code,STRING,Código de inclusão da cláusula de normas de contabilidade de custos (CAS),Code for inclusion of the Cost Accounting Standards (CAS) clause,Código de inclusión de la cláusula de normas de contabilidad de costos (CAS),,yes,,,no,,cost_accounting_standards_clause_code
cost_accounting_standards_clause,STRING,Descrição de inclusão da cláusula de normas de contabilidade de custos (CAS),Description of inclusion of the Cost Accounting Standards (CAS) clause,Descripción de inclusión de la cláusula de normas de contabilidad de costos (CAS),,no,,,no,,cost_accounting_standards_clause
government_furnished_property_code,STRING,Código de uso de bens ou equipamentos fornecidos pelo governo,Code for use of government furnished property or equipment,Código de uso de bienes o equipos suministrados por el gobierno,,yes,,,no,,government_furnished_property_code
government_furnished_property,STRING,Descrição de uso de bens ou equipamentos fornecidos pelo governo,Description of use of government furnished property or equipment,Descripción de uso de bienes o equipos suministrados por el gobierno,,no,,,no,,government_furnished_property
sea_transportation_code,STRING,Código de previsão de transporte marítimo na execução do contrato,Code for whether the contract involves sea transportation,Código de previsión de transporte marítimo en la ejecución del contrato,,yes,,,no,,sea_transportation_code
sea_transportation,STRING,Descrição de previsão de transporte marítimo na execução do contrato,Description of whether the contract involves sea transportation,Descripción de previsión de transporte marítimo en la ejecución del contrato,,no,,,no,,sea_transportation
undefinitized_action_code,STRING,Código de situação da ação quanto à definição de termos e preço,Code for status of the action with respect to definitized terms and price,Código de situación de la acción respecto a la definición de términos y precio,,yes,,,no,,undefinitized_action_code
undefinitized_action,STRING,Descrição de situação da ação quanto à definição de termos e preço,Description of status of the action with respect to definitized terms and price,Descripción de situación de la acción respecto a la definición de términos y precio,,no,,,no,,undefinitized_action
consolidated_contract_code,STRING,Código de consolidação de requisitos anteriormente contratados em separado,Code for consolidation of requirements previously awarded separately,Código de consolidación de requisitos anteriormente contratados por separado,,yes,,,no,,consolidated_contract_code
consolidated_contract,STRING,Descrição de consolidação de requisitos anteriormente contratados em separado,Description of consolidation of requirements previously awarded separately,Descripción de consolidación de requisitos anteriormente contratados por separado,,no,,,no,,consolidated_contract
performance_based_service_acquisition_code,STRING,Código de uso de aquisição de serviços baseada em desempenho,Code for use of performance-based service acquisition,Código de uso de adquisición de servicios basada en desempeño,,yes,,,no,,performance_based_service_acquisition_code
performance_based_service_acquisition,STRING,Descrição de uso de aquisição de serviços baseada em desempenho,Description of use of performance-based service acquisition,Descripción de uso de adquisición de servicios basada en desempeño,,no,,,no,,performance_based_service_acquisition
multi_year_contract_code,STRING,Código de enquadramento como contrato plurianual,Code for whether the contract is a multi-year contract,Código de clasificación como contrato plurianual,,yes,,,no,,multi_year_contract_code
multi_year_contract,STRING,Descrição de enquadramento como contrato plurianual,Description of whether the contract is a multi-year contract,Descripción de clasificación como contrato plurianual,,no,,,no,,multi_year_contract
contract_financing_code,STRING,Código de modalidade de financiamento do contrato,Code for contract financing arrangement,Código de modalidad de financiamiento del contrato,,yes,,,no,,contract_financing_code
contract_financing,STRING,Descrição de modalidade de financiamento do contrato,Description of contract financing arrangement,Descripción de modalidad de financiamiento del contrato,,no,,,no,,contract_financing
purchase_card_as_payment_method_code,STRING,Código de uso do cartão de compras governamental como meio de pagamento,Code for use of the government purchase card as the payment method,Código de uso de la tarjeta de compras gubernamental como medio de pago,,yes,,,no,,purchase_card_as_payment_method_code
purchase_card_as_payment_method,STRING,Descrição de uso do cartão de compras governamental como meio de pagamento,Description of use of the government purchase card as the payment method,Descripción de uso de la tarjeta de compras gubernamental como medio de pago,,no,,,no,,purchase_card_as_payment_method
contingency_humanitarian_or_peacekeeping_operation_code,STRING,"Código de vínculo da ação a operação de contingência, humanitária ou de paz","Code for link between the action and a contingency, humanitarian or peacekeeping operation","Código de vínculo de la acción con una operación de contingencia, humanitaria o de paz",,yes,,,no,,contingency_humanitarian_or_peacekeeping_operation_code
contingency_humanitarian_or_peacekeeping_operation,STRING,"Descrição de vínculo da ação a operação de contingência, humanitária ou de paz","Description of link between the action and a contingency, humanitarian or peacekeeping operation","Descripción de vínculo de la acción con una operación de contingencia, humanitaria o de paz",,no,,,no,,contingency_humanitarian_or_peacekeeping_operation
alaskan_native_corporation_owned_firm,STRING,Indica se o beneficiário é uma empresa de propriedade de uma corporação nativa do Alasca,Indicates whether the recipient is a firm owned by an Alaskan Native Corporation,Indica si el beneficiario es una empresa propiedad de una corporación nativa de Alaska,,yes,,,no,Valores armazenados como 't' e 'f' na fonte,alaskan_native_corporation_owned_firm
american_indian_owned_business,STRING,Indica se o beneficiário é uma empresa de propriedade de indígenas norte-americanos,Indicates whether the recipient is an American Indian owned business,Indica si el beneficiario es una empresa propiedad de indígenas estadounidenses,,yes,,,no,Valores armazenados como 't' e 'f' na fonte,american_indian_owned_business
indian_tribe_federally_recognized,STRING,Indica se o beneficiário é uma tribo indígena reconhecida pelo governo federal,Indicates whether the recipient is a federally recognized Indian tribe,Indica si el beneficiario es una tribu indígena reconocida por el gobierno federal,,yes,,,no,Valores armazenados como 't' e 'f' na fonte,indian_tribe_federally_recognized
native_hawaiian_organization_owned_firm,STRING,Indica se o beneficiário é uma empresa de propriedade de organização nativa havaiana,Indicates whether the recipient is a firm owned by a Native Hawaiian organization,Indica si el beneficiario es una empresa propiedad de una organización nativa hawaiana,,yes,,,no,Valores armazenados como 't' e 'f' na fonte,native_hawaiian_organization_owned_firm
tribally_owned_firm,STRING,Indica se o beneficiário é uma empresa de propriedade tribal,Indicates whether the recipient is a tribally owned firm,Indica si el beneficiario es una empresa de propiedad tribal,,yes,,,no,Valores armazenados como 't' e 'f' na fonte,tribally_owned_firm
veteran_owned_business,STRING,Indica se o beneficiário é uma empresa de propriedade de veterano de guerra,Indicates whether the recipient is a veteran owned business,Indica si el beneficiario es una empresa propiedad de un veterano de guerra,,yes,,,no,Valores armazenados como 't' e 'f' na fonte,veteran_owned_business
service_disabled_veteran_owned_business,STRING,Indica se o beneficiário é uma empresa de propriedade de veterano com deficiência decorrente do serviço militar,Indicates whether the recipient is a service-disabled veteran owned business,Indica si el beneficiario es una empresa propiedad de un veterano con discapacidad derivada del servicio militar,,yes,,,no,Valores armazenados como 't' e 'f' na fonte,service_disabled_veteran_owned_business
woman_owned_business,STRING,Indica se o beneficiário é uma empresa de propriedade de mulher,Indicates whether the recipient is a woman owned business,Indica si el beneficiario es una empresa propiedad de una mujer,,yes,,,no,Valores armazenados como 't' e 'f' na fonte,woman_owned_business
women_owned_small_business,STRING,Indica se o beneficiário é uma pequena empresa de propriedade de mulheres,Indicates whether the recipient is a women owned small business,Indica si el beneficiario es una pequeña empresa propiedad de mujeres,,yes,,,no,Valores armazenados como 't' e 'f' na fonte,women_owned_small_business
economically_disadvantaged_women_owned_small_business,STRING,Indica se o beneficiário é uma pequena empresa de propriedade de mulheres economicamente desfavorecidas,Indicates whether the recipient is an economically disadvantaged women owned small business,Indica si el beneficiario es una pequeña empresa propiedad de mujeres económicamente desfavorecidas,,yes,,,no,Valores armazenados como 't' e 'f' na fonte,economically_disadvantaged_women_owned_small_business
joint_venture_women_owned_small_business,STRING,Indica se o beneficiário é uma joint venture de pequenas empresas de propriedade de mulheres,Indicates whether the recipient is a joint venture of women owned small businesses,Indica si el beneficiario es una empresa conjunta de pequeñas empresas propiedad de mujeres,,yes,,,no,Valores armazenados como 't' e 'f' na fonte,joint_venture_women_owned_small_business
joint_venture_economic_disadvantaged_women_owned_small_bus,STRING,Indica se o beneficiário é uma joint venture de pequenas empresas de propriedade de mulheres economicamente desfavorecidas,Indicates whether the recipient is a joint venture of economically disadvantaged women owned small businesses,Indica si el beneficiario es una empresa conjunta de pequeñas empresas propiedad de mujeres económicamente desfavorecidas,,yes,,,no,Valores armazenados como 't' e 'f' na fonte,joint_venture_economic_disadvantaged_women_owned_small_bus
minority_owned_business,STRING,Indica se o beneficiário é uma empresa de propriedade de minoria,Indicates whether the recipient is a minority owned business,Indica si el beneficiario es una empresa propiedad de una minoría,,yes,,,no,Valores armazenados como 't' e 'f' na fonte,minority_owned_business
subcontinent_asian_asian_indian_american_owned_business,STRING,Indica se o beneficiário é uma empresa de propriedade de norte-americanos de origem sul-asiática,Indicates whether the recipient is a subcontinent Asian (Asian-Indian) American owned business,Indica si el beneficiario es una empresa propiedad de estadounidenses de origen surasiático,,yes,,,no,Valores armazenados como 't' e 'f' na fonte,subcontinent_asian_asian_indian_american_owned_business
asian_pacific_american_owned_business,STRING,Indica se o beneficiário é uma empresa de propriedade de norte-americanos de origem asiático-pacífica,Indicates whether the recipient is an Asian-Pacific American owned business,Indica si el beneficiario es una empresa propiedad de estadounidenses de origen asiático-pacífico,,yes,,,no,Valores armazenados como 't' e 'f' na fonte,asian_pacific_american_owned_business
black_american_owned_business,STRING,Indica se o beneficiário é uma empresa de propriedade de norte-americanos negros,Indicates whether the recipient is a Black American owned business,Indica si el beneficiario es una empresa propiedad de estadounidenses negros,,yes,,,no,Valores armazenados como 't' e 'f' na fonte,black_american_owned_business
hispanic_american_owned_business,STRING,Indica se o beneficiário é uma empresa de propriedade de norte-americanos hispânicos,Indicates whether the recipient is a Hispanic American owned business,Indica si el beneficiario es una empresa propiedad de estadounidenses hispanos,,yes,,,no,Valores armazenados como 't' e 'f' na fonte,hispanic_american_owned_business
native_american_owned_business,STRING,Indica se o beneficiário é uma empresa de propriedade de norte-americanos nativos,Indicates whether the recipient is a Native American owned business,Indica si el beneficiario es una empresa propiedad de nativos estadounidenses,,yes,,,no,Valores armazenados como 't' e 'f' na fonte,native_american_owned_business
other_minority_owned_business,STRING,Indica se o beneficiário é uma empresa de propriedade de outra minoria,Indicates whether the recipient is a business owned by another minority group,Indica si el beneficiario es una empresa propiedad de otra minoría,,yes,,,no,Valores armazenados como 't' e 'f' na fonte,other_minority_owned_business
contracting_officers_determination_of_business_size,STRING,Descrição de porte da empresa conforme determinação do agente de contratação,Description of business size as determined by the contracting officer,Descripción de tamaño de la empresa según la determinación del agente de contratación,,no,,,no,,contracting_officers_determination_of_business_size
contracting_officers_determination_of_business_size_code,STRING,Código de porte da empresa conforme determinação do agente de contratação,Code for business size as determined by the contracting officer,Código de tamaño de la empresa según la determinación del agente de contratación,,yes,,,no,,contracting_officers_determination_of_business_size_code
emerging_small_business,STRING,Indica se o beneficiário é uma pequena empresa emergente,Indicates whether the recipient is an emerging small business,Indica si el beneficiario es una pequeña empresa emergente,,yes,,,no,Valores armazenados como 't' e 'f' na fonte,emerging_small_business
community_developed_corporation_owned_firm,STRING,Indica se o beneficiário é uma empresa de propriedade de corporação de desenvolvimento comunitário,Indicates whether the recipient is a firm owned by a community development corporation,Indica si el beneficiario es una empresa propiedad de una corporación de desarrollo comunitario,,yes,,,no,Valores armazenados como 't' e 'f' na fonte,community_developed_corporation_owned_firm
labor_surplus_area_firm,STRING,Indica se o beneficiário é uma empresa sediada em área de excedente de mão de obra,Indicates whether the recipient is a firm located in a labor surplus area,Indica si el beneficiario es una empresa ubicada en un área con excedente de mano de obra,,yes,,,no,Valores armazenados como 't' e 'f' na fonte,labor_surplus_area_firm
us_federal_government,STRING,Indica se o beneficiário é um órgão do governo federal dos Estados Unidos,Indicates whether the recipient is a United States federal government entity,Indica si el beneficiario es una entidad del gobierno federal de los Estados Unidos,,yes,,,no,Valores armazenados como 't' e 'f' na fonte,us_federal_government
federally_funded_research_and_development_corp,STRING,Indica se o beneficiário é um centro de pesquisa e desenvolvimento financiado pelo governo federal,Indicates whether the recipient is a federally funded research and development center,Indica si el beneficiario es un centro de investigación y desarrollo financiado por el gobierno federal,,yes,,,no,Valores armazenados como 't' e 'f' na fonte,federally_funded_research_and_development_corp
federal_agency,STRING,Indica se o beneficiário é uma agência federal,Indicates whether the recipient is a federal agency,Indica si el beneficiario es una agencia federal,,yes,,,no,Valores armazenados como 't' e 'f' na fonte,federal_agency
us_state_government,STRING,Indica se o beneficiário é um governo estadual dos Estados Unidos,Indicates whether the recipient is a United States state government,Indica si el beneficiario es un gobierno estatal de los Estados Unidos,,yes,,,no,Valores armazenados como 't' e 'f' na fonte,us_state_government
us_local_government,STRING,Indica se o beneficiário é um governo local dos Estados Unidos,Indicates whether the recipient is a United States local government,Indica si el beneficiario es un gobierno local de los Estados Unidos,,yes,,,no,Valores armazenados como 't' e 'f' na fonte,us_local_government
city_local_government,STRING,Indica se o beneficiário é um governo municipal de cidade,Indicates whether the recipient is a city local government,Indica si el beneficiario es un gobierno local de ciudad,,yes,,,no,Valores armazenados como 't' e 'f' na fonte,city_local_government
county_local_government,STRING,Indica se o beneficiário é um governo local de condado,Indicates whether the recipient is a county local government,Indica si el beneficiario es un gobierno local de condado,,yes,,,no,Valores armazenados como 't' e 'f' na fonte,county_local_government
inter_municipal_local_government,STRING,Indica se o beneficiário é um governo local intermunicipal,Indicates whether the recipient is an inter-municipal local government,Indica si el beneficiario es un gobierno local intermunicipal,,yes,,,no,Valores armazenados como 't' e 'f' na fonte,inter_municipal_local_government
local_government_owned,STRING,Indica se o beneficiário é uma entidade de propriedade de governo local,Indicates whether the recipient is an entity owned by a local government,Indica si el beneficiario es una entidad propiedad de un gobierno local,,yes,,,no,Valores armazenados como 't' e 'f' na fonte,local_government_owned
municipality_local_government,STRING,Indica se o beneficiário é um governo local de município,Indicates whether the recipient is a municipality local government,Indica si el beneficiario es un gobierno local de municipio,,yes,,,no,Valores armazenados como 't' e 'f' na fonte,municipality_local_government
school_district_local_government,STRING,Indica se o beneficiário é um governo local de distrito escolar,Indicates whether the recipient is a school district local government,Indica si el beneficiario es un gobierno local de distrito escolar,,yes,,,no,Valores armazenados como 't' e 'f' na fonte,school_district_local_government
township_local_government,STRING,Indica se o beneficiário é um governo local de township,Indicates whether the recipient is a township local government,Indica si el beneficiario es un gobierno local de township,,yes,,,no,Valores armazenados como 't' e 'f' na fonte,township_local_government
us_tribal_government,STRING,Indica se o beneficiário é um governo tribal dos Estados Unidos,Indicates whether the recipient is a United States tribal government,Indica si el beneficiario es un gobierno tribal de los Estados Unidos,,yes,,,no,Valores armazenados como 't' e 'f' na fonte,us_tribal_government
foreign_government,STRING,Indica se o beneficiário é um governo estrangeiro,Indicates whether the recipient is a foreign government,Indica si el beneficiario es un gobierno extranjero,,yes,,,no,Valores armazenados como 't' e 'f' na fonte,foreign_government
organizational_type,STRING,Tipo de organização do beneficiário conforme registro no SAM,Organization type of the recipient as registered in SAM,Tipo de organización del beneficiario según su registro en SAM,,yes,,,no,,organizational_type
corporate_entity_not_tax_exempt,STRING,Indica se o beneficiário é uma pessoa jurídica não isenta de impostos,Indicates whether the recipient is a corporate entity that is not tax exempt,Indica si el beneficiario es una persona jurídica no exenta de impuestos,,yes,,,no,Valores armazenados como 't' e 'f' na fonte,corporate_entity_not_tax_exempt
corporate_entity_tax_exempt,STRING,Indica se o beneficiário é uma pessoa jurídica isenta de impostos,Indicates whether the recipient is a tax exempt corporate entity,Indica si el beneficiario es una persona jurídica exenta de impuestos,,yes,,,no,Valores armazenados como 't' e 'f' na fonte,corporate_entity_tax_exempt
partnership_or_limited_liability_partnership,STRING,Indica se o beneficiário é uma sociedade ou sociedade de responsabilidade limitada,Indicates whether the recipient is a partnership or limited liability partnership,Indica si el beneficiario es una sociedad o sociedad de responsabilidad limitada,,yes,,,no,Valores armazenados como 't' e 'f' na fonte,partnership_or_limited_liability_partnership
sole_proprietorship,STRING,Indica se o beneficiário é uma empresa individual,Indicates whether the recipient is a sole proprietorship,Indica si el beneficiario es una empresa individual,,yes,,,no,Valores armazenados como 't' e 'f' na fonte,sole_proprietorship
small_agricultural_cooperative,STRING,Indica se o beneficiário é uma pequena cooperativa agrícola,Indicates whether the recipient is a small agricultural cooperative,Indica si el beneficiario es una pequeña cooperativa agrícola,,yes,,,no,Valores armazenados como 't' e 'f' na fonte,small_agricultural_cooperative
international_organization,STRING,Indica se o beneficiário é uma organização internacional,Indicates whether the recipient is an international organization,Indica si el beneficiario es una organización internacional,,yes,,,no,Valores armazenados como 't' e 'f' na fonte,international_organization
us_government_entity,STRING,Indica se o beneficiário é uma entidade do governo dos Estados Unidos,Indicates whether the recipient is a United States government entity,Indica si el beneficiario es una entidad del gobierno de los Estados Unidos,,yes,,,no,Valores armazenados como 't' e 'f' na fonte,us_government_entity
community_development_corporation,STRING,Indica se o beneficiário é uma corporação de desenvolvimento comunitário,Indicates whether the recipient is a community development corporation,Indica si el beneficiario es una corporación de desarrollo comunitario,,yes,,,no,Valores armazenados como 't' e 'f' na fonte,community_development_corporation
domestic_shelter,STRING,Indica se o beneficiário é um abrigo para vítimas de violência doméstica,Indicates whether the recipient is a domestic shelter,Indica si el beneficiario es un albergue para víctimas de violencia doméstica,,yes,,,no,Valores armazenados como 't' e 'f' na fonte,domestic_shelter
educational_institution,STRING,Indica se o beneficiário é uma instituição de ensino,Indicates whether the recipient is an educational institution,Indica si el beneficiario es una institución educativa,,yes,,,no,Valores armazenados como 't' e 'f' na fonte,educational_institution
foundation,STRING,Indica se o beneficiário é uma fundação,Indicates whether the recipient is a foundation,Indica si el beneficiario es una fundación,,yes,,,no,Valores armazenados como 't' e 'f' na fonte,foundation
hospital_flag,STRING,Indica se o beneficiário é um hospital,Indicates whether the recipient is a hospital,Indica si el beneficiario es un hospital,,yes,,,no,,hospital_flag
manufacturer_of_goods,STRING,Indica se o beneficiário é um fabricante de bens,Indicates whether the recipient is a manufacturer of goods,Indica si el beneficiario es un fabricante de bienes,,yes,,,no,Valores armazenados como 't' e 'f' na fonte,manufacturer_of_goods
veterinary_hospital,STRING,Indica se o beneficiário é um hospital veterinário,Indicates whether the recipient is a veterinary hospital,Indica si el beneficiario es un hospital veterinario,,yes,,,no,Valores armazenados como 't' e 'f' na fonte,veterinary_hospital
hispanic_servicing_institution,STRING,Indica se o beneficiário é uma instituição de ensino voltada à população hispânica,Indicates whether the recipient is a Hispanic-serving institution,Indica si el beneficiario es una institución de enseñanza al servicio de la población hispana,,yes,,,no,Valores armazenados como 't' e 'f' na fonte,hispanic_servicing_institution
receives_contracts,STRING,Indica se o beneficiário é uma entidade que recebe contratos,Indicates whether the recipient is an entity that receives contracts,Indica si el beneficiario es una entidad que recibe contratos,,yes,,,no,Valores armazenados como 't' e 'f' na fonte,receives_contracts
receives_financial_assistance,STRING,Indica se o beneficiário é uma entidade que recebe assistência financeira,Indicates whether the recipient is an entity that receives financial assistance,Indica si el beneficiario es una entidad que recibe asistencia financiera,,yes,,,no,Valores armazenados como 't' e 'f' na fonte,receives_financial_assistance
receives_contracts_and_financial_assistance,STRING,Indica se o beneficiário é uma entidade que recebe contratos e assistência financeira,Indicates whether the recipient is an entity that receives both contracts and financial assistance,Indica si el beneficiario es una entidad que recibe contratos y asistencia financiera,,yes,,,no,Valores armazenados como 't' e 'f' na fonte,receives_contracts_and_financial_assistance
airport_authority,STRING,Indica se o beneficiário é uma autoridade aeroportuária,Indicates whether the recipient is an airport authority,Indica si el beneficiario es una autoridad aeroportuaria,,yes,,,no,Valores armazenados como 't' e 'f' na fonte,airport_authority
council_of_governments,STRING,Indica se o beneficiário é um conselho de governos,Indicates whether the recipient is a council of governments,Indica si el beneficiario es un consejo de gobiernos,,yes,,,no,Valores armazenados como 't' e 'f' na fonte,council_of_governments
housing_authorities_public_tribal,STRING,Indica se o beneficiário é uma autoridade habitacional pública ou tribal,Indicates whether the recipient is a public or tribal housing authority,Indica si el beneficiario es una autoridad de vivienda pública o tribal,,yes,,,no,Valores armazenados como 't' e 'f' na fonte,housing_authorities_public_tribal
interstate_entity,STRING,Indica se o beneficiário é uma entidade interestadual,Indicates whether the recipient is an interstate entity,Indica si el beneficiario es una entidad interestatal,,yes,,,no,Valores armazenados como 't' e 'f' na fonte,interstate_entity
planning_commission,STRING,Indica se o beneficiário é uma comissão de planejamento,Indicates whether the recipient is a planning commission,Indica si el beneficiario es una comisión de planificación,,yes,,,no,Valores armazenados como 't' e 'f' na fonte,planning_commission
port_authority,STRING,Indica se o beneficiário é uma autoridade portuária,Indicates whether the recipient is a port authority,Indica si el beneficiario es una autoridad portuaria,,yes,,,no,Valores armazenados como 't' e 'f' na fonte,port_authority
transit_authority,STRING,Indica se o beneficiário é uma autoridade de transporte público,Indicates whether the recipient is a transit authority,Indica si el beneficiario es una autoridad de transporte público,,yes,,,no,Valores armazenados como 't' e 'f' na fonte,transit_authority
subchapter_scorporation,STRING,Indica se o beneficiário é uma sociedade do tipo S corporation,Indicates whether the recipient is a subchapter S corporation,Indica si el beneficiario es una sociedad del tipo S corporation,,yes,,,no,Valores armazenados como 't' e 'f' na fonte,subchapter_scorporation
limited_liability_corporation,STRING,Indica se o beneficiário é uma sociedade de responsabilidade limitada,Indicates whether the recipient is a limited liability corporation,Indica si el beneficiario es una sociedad de responsabilidad limitada,,yes,,,no,Valores armazenados como 't' e 'f' na fonte,limited_liability_corporation
foreign_owned,STRING,Indica se o beneficiário é uma entidade de propriedade estrangeira,Indicates whether the recipient is a foreign owned entity,Indica si el beneficiario es una entidad de propiedad extranjera,,yes,,,no,Valores armazenados como 't' e 'f' na fonte,foreign_owned
for_profit_organization,STRING,Indica se o beneficiário é uma organização com fins lucrativos,Indicates whether the recipient is a for-profit organization,Indica si el beneficiario es una organización con fines de lucro,,yes,,,no,Valores armazenados como 't' e 'f' na fonte,for_profit_organization
nonprofit_organization,STRING,Indica se o beneficiário é uma organização sem fins lucrativos,Indicates whether the recipient is a nonprofit organization,Indica si el beneficiario es una organización sin fines de lucro,,yes,,,no,Valores armazenados como 't' e 'f' na fonte,nonprofit_organization
other_not_for_profit_organization,STRING,Indica se o beneficiário é outra organização sem fins lucrativos,Indicates whether the recipient is another type of not-for-profit organization,Indica si el beneficiario es otra organización sin fines de lucro,,yes,,,no,Valores armazenados como 't' e 'f' na fonte,other_not_for_profit_organization
the_ability_one_program,STRING,Indica se o beneficiário é uma entidade participante do programa AbilityOne,Indicates whether the recipient is a participant in the AbilityOne program,Indica si el beneficiario es una entidad participante del programa AbilityOne,,yes,,,no,Valores armazenados como 't' e 'f' na fonte,the_ability_one_program
private_university_or_college,STRING,Indica se o beneficiário é uma universidade ou faculdade privada,Indicates whether the recipient is a private university or college,Indica si el beneficiario es una universidad o facultad privada,,yes,,,no,Valores armazenados como 't' e 'f' na fonte,private_university_or_college
state_controlled_institution_of_higher_learning,STRING,Indica se o beneficiário é uma instituição de ensino superior controlada por governo estadual,Indicates whether the recipient is a state controlled institution of higher learning,Indica si el beneficiario es una institución de educación superior controlada por un gobierno estatal,,yes,,,no,Valores armazenados como 't' e 'f' na fonte,state_controlled_institution_of_higher_learning
land_grant_college_1862,STRING,Indica se o beneficiário é uma land-grant college criada pelo Morrill Act de 1862,Indicates whether the recipient is an 1862 Land Grant College,Indica si el beneficiario es una land-grant college creada por la Morrill Act de 1862,,yes,,,no,"Renomeada da coluna de origem, que começa com dígito",1862_land_grant_college
land_grant_college_1890,STRING,Indica se o beneficiário é uma land-grant college criada pelo Morrill Act de 1890,Indicates whether the recipient is an 1890 Land Grant College,Indica si el beneficiario es una land-grant college creada por la Morrill Act de 1890,,yes,,,no,"Renomeada da coluna de origem, que começa com dígito",1890_land_grant_college
land_grant_college_1994,STRING,Indica se o beneficiário é uma land-grant college tribal reconhecida em 1994,Indicates whether the recipient is a 1994 Land Grant College,Indica si el beneficiario es una land-grant college tribal reconocida en 1994,,yes,,,no,"Renomeada da coluna de origem, que começa com dígito",1994_land_grant_college
minority_institution,STRING,Indica se o beneficiário é uma instituição de ensino voltada a minorias,Indicates whether the recipient is a minority institution,Indica si el beneficiario es una institución educativa al servicio de minorías,,yes,,,no,Valores armazenados como 't' e 'f' na fonte,minority_institution
historically_black_college,STRING,Indica se o beneficiário é uma universidade historicamente negra,Indicates whether the recipient is a historically Black college or university,Indica si el beneficiario es una universidad históricamente negra,,yes,,,no,Valores armazenados como 't' e 'f' na fonte,historically_black_college
tribal_college,STRING,Indica se o beneficiário é uma faculdade tribal,Indicates whether the recipient is a tribal college,Indica si el beneficiario es una universidad tribal,,yes,,,no,Valores armazenados como 't' e 'f' na fonte,tribal_college
alaskan_native_servicing_institution,STRING,Indica se o beneficiário é uma instituição de ensino voltada a nativos do Alasca,Indicates whether the recipient is an Alaskan Native-serving institution,Indica si el beneficiario es una institución educativa al servicio de nativos de Alaska,,yes,,,no,Valores armazenados como 't' e 'f' na fonte,alaskan_native_servicing_institution
native_hawaiian_servicing_institution,STRING,Indica se o beneficiário é uma instituição de ensino voltada a nativos havaianos,Indicates whether the recipient is a Native Hawaiian-serving institution,Indica si el beneficiario es una institución educativa al servicio de nativos hawaianos,,yes,,,no,Valores armazenados como 't' e 'f' na fonte,native_hawaiian_servicing_institution
school_of_forestry,STRING,Indica se o beneficiário é uma escola de engenharia florestal,Indicates whether the recipient is a school of forestry,Indica si el beneficiario es una escuela de ingeniería forestal,,yes,,,no,Valores armazenados como 't' e 'f' na fonte,school_of_forestry
veterinary_college,STRING,Indica se o beneficiário é uma faculdade de medicina veterinária,Indicates whether the recipient is a veterinary college,Indica si el beneficiario es una facultad de medicina veterinaria,,yes,,,no,Valores armazenados como 't' e 'f' na fonte,veterinary_college
dot_certified_disadvantage,STRING,Indica se o beneficiário é uma empresa desfavorecida certificada pelo Departamento de Transportes,Indicates whether the recipient is a Department of Transportation certified disadvantaged business,Indica si el beneficiario es una empresa desfavorecida certificada por el Departamento de Transporte,,yes,,,no,Valores armazenados como 't' e 'f' na fonte,dot_certified_disadvantage
self_certified_small_disadvantaged_business,STRING,Indica se o beneficiário é uma pequena empresa desfavorecida autodeclarada,Indicates whether the recipient is a self-certified small disadvantaged business,Indica si el beneficiario es una pequeña empresa desfavorecida autodeclarada,,yes,,,no,Valores armazenados como 't' e 'f' na fonte,self_certified_small_disadvantaged_business
small_disadvantaged_business,STRING,Indica se o beneficiário é uma pequena empresa desfavorecida certificada,Indicates whether the recipient is a certified small disadvantaged business,Indica si el beneficiario es una pequeña empresa desfavorecida certificada,,yes,,,no,,small_disadvantaged_business
c8a_program_participant,STRING,Indica se o beneficiário é uma entidade participante do programa 8(a) da SBA,Indicates whether the recipient is a participant in the SBA 8(a) program,Indica si el beneficiario es una entidad participante del programa 8(a) de la SBA,,yes,,,no,Valores armazenados como 't' e 'f' na fonte,c8a_program_participant
historically_underutilized_business_zone_hubzone_firm,STRING,Indica se o beneficiário é uma empresa sediada em zona historicamente subutilizada (HUBZone),Indicates whether the recipient is a firm located in a Historically Underutilized Business Zone (HUBZone),Indica si el beneficiario es una empresa ubicada en una zona históricamente subutilizada (HUBZone),,yes,,,no,Valores armazenados como 't' e 'f' na fonte,historically_underutilized_business_zone_hubzone_firm
sba_certified_8a_joint_venture,STRING,Indica se o beneficiário é uma joint venture 8(a) certificada pela SBA,Indicates whether the recipient is an SBA certified 8(a) joint venture,Indica si el beneficiario es una empresa conjunta 8(a) certificada por la SBA,,yes,,,no,Valores armazenados como 't' e 'f' na fonte,sba_certified_8a_joint_venture
highly_compensated_officer_1_name,STRING,"Nome do 1º dirigente mais bem remunerado do beneficiário, divulgado nos termos da FFATA","Name of the recipient's 1st most highly compensated officer, disclosed under FFATA","Nombre del 1º directivo mejor remunerado del beneficiario, divulgado conforme a la FFATA",,no,,,no,Divulgação obrigatória sob a FFATA para beneficiários que atendem aos critérios de receita e financiamento federal; em branco nos demais casos,highly_compensated_officer_1_name
highly_compensated_officer_1_amount,FLOAT64,"Remuneração anual do 1º dirigente mais bem remunerado do beneficiário, divulgada nos termos da FFATA","Annual compensation of the recipient's 1st most highly compensated officer, disclosed under FFATA","Remuneración anual del 1º directivo mejor remunerado del beneficiario, divulgada conforme a la FFATA",,no,,USD,no,Divulgação obrigatória sob a FFATA para beneficiários que atendem aos critérios de receita e financiamento federal; em branco nos demais casos,highly_compensated_officer_1_amount
highly_compensated_officer_2_name,STRING,"Nome do 2º dirigente mais bem remunerado do beneficiário, divulgado nos termos da FFATA","Name of the recipient's 2nd most highly compensated officer, disclosed under FFATA","Nombre del 2º directivo mejor remunerado del beneficiario, divulgado conforme a la FFATA",,no,,,no,Divulgação obrigatória sob a FFATA para beneficiários que atendem aos critérios de receita e financiamento federal; em branco nos demais casos,highly_compensated_officer_2_name
highly_compensated_officer_2_amount,FLOAT64,"Remuneração anual do 2º dirigente mais bem remunerado do beneficiário, divulgada nos termos da FFATA","Annual compensation of the recipient's 2nd most highly compensated officer, disclosed under FFATA","Remuneración anual del 2º directivo mejor remunerado del beneficiario, divulgada conforme a la FFATA",,no,,USD,no,Divulgação obrigatória sob a FFATA para beneficiários que atendem aos critérios de receita e financiamento federal; em branco nos demais casos,highly_compensated_officer_2_amount
highly_compensated_officer_3_name,STRING,"Nome do 3º dirigente mais bem remunerado do beneficiário, divulgado nos termos da FFATA","Name of the recipient's 3rd most highly compensated officer, disclosed under FFATA","Nombre del 3º directivo mejor remunerado del beneficiario, divulgado conforme a la FFATA",,no,,,no,Divulgação obrigatória sob a FFATA para beneficiários que atendem aos critérios de receita e financiamento federal; em branco nos demais casos,highly_compensated_officer_3_name
highly_compensated_officer_3_amount,FLOAT64,"Remuneração anual do 3º dirigente mais bem remunerado do beneficiário, divulgada nos termos da FFATA","Annual compensation of the recipient's 3rd most highly compensated officer, disclosed under FFATA","Remuneración anual del 3º directivo mejor remunerado del beneficiario, divulgada conforme a la FFATA",,no,,USD,no,Divulgação obrigatória sob a FFATA para beneficiários que atendem aos critérios de receita e financiamento federal; em branco nos demais casos,highly_compensated_officer_3_amount
highly_compensated_officer_4_name,STRING,"Nome do 4º dirigente mais bem remunerado do beneficiário, divulgado nos termos da FFATA","Name of the recipient's 4th most highly compensated officer, disclosed under FFATA","Nombre del 4º directivo mejor remunerado del beneficiario, divulgado conforme a la FFATA",,no,,,no,Divulgação obrigatória sob a FFATA para beneficiários que atendem aos critérios de receita e financiamento federal; em branco nos demais casos,highly_compensated_officer_4_name
highly_compensated_officer_4_amount,FLOAT64,"Remuneração anual do 4º dirigente mais bem remunerado do beneficiário, divulgada nos termos da FFATA","Annual compensation of the recipient's 4th most highly compensated officer, disclosed under FFATA","Remuneración anual del 4º directivo mejor remunerado del beneficiario, divulgada conforme a la FFATA",,no,,USD,no,Divulgação obrigatória sob a FFATA para beneficiários que atendem aos critérios de receita e financiamento federal; em branco nos demais casos,highly_compensated_officer_4_amount
highly_compensated_officer_5_name,STRING,"Nome do 5º dirigente mais bem remunerado do beneficiário, divulgado nos termos da FFATA","Name of the recipient's 5th most highly compensated officer, disclosed under FFATA","Nombre del 5º directivo mejor remunerado del beneficiario, divulgado conforme a la FFATA",,no,,,no,Divulgação obrigatória sob a FFATA para beneficiários que atendem aos critérios de receita e financiamento federal; em branco nos demais casos,highly_compensated_officer_5_name
highly_compensated_officer_5_amount,FLOAT64,"Remuneração anual do 5º dirigente mais bem remunerado do beneficiário, divulgada nos termos da FFATA","Annual compensation of the recipient's 5th most highly compensated officer, disclosed under FFATA","Remuneración anual del 5º directivo mejor remunerado del beneficiario, divulgada conforme a la FFATA",,no,,USD,no,Divulgação obrigatória sob a FFATA para beneficiários que atendem aos critérios de receita e financiamento federal; em branco nos demais casos,highly_compensated_officer_5_amount
usaspending_permalink,STRING,Endereço permanente da página do auxílio ou contrato no USAspending.gov,Permanent link to the award page on USAspending.gov,Dirección permanente de la página de la ayuda o contrato en USAspending.gov,,no,,,no,Endereço construído pela fonte a partir da chave única do auxílio ou contrato,usaspending_permalink
initial_report_date,TIMESTAMP,Data e hora do primeiro envio do registro ao sistema de origem,Date and time the record was first submitted to the source system,Fecha y hora del primer envío del registro al sistema de origen,,no,,,no,,initial_report_date
last_modified_date,TIMESTAMP,Data e hora da última modificação do registro no sistema de origem,Date and time the record was last modified in the source system,Fecha y hora de la última modificación del registro en el sistema de origen,,no,,,no,,last_modified_date
