name	bigquery_type	description	temporal_coverage	covered_by_dictionary	directory_column	measurement_unit	has_sensitive_data	observations	original_name
reporting_entity_id	STRING	Identificador único do fabricante ou GPO que declarou o pagamento		no			no		AMGPO_Making_Payment_ID
name	STRING	Nome do fabricante ou GPO declarante		no			no		AMGPO_Making_Payment_Name
state	STRING	Sigla de duas letras do estado do fabricante ou GPO declarante		no			no		AMGPO_Making_Payment_State
country	STRING	País do fabricante ou GPO declarante		no			no		AMGPO_Making_Payment_Country
alternate_name_1	STRING	Nome alternativo pelo qual o fabricante ou GPO também é registrado, nome 1 de 5		no			no		AMGPO_Making_Payment_Alternate_Name1
alternate_name_2	STRING	Nome alternativo pelo qual o fabricante ou GPO também é registrado, nome 2 de 5		no			no		AMGPO_Making_Payment_Alternate_Name2
alternate_name_3	STRING	Nome alternativo pelo qual o fabricante ou GPO também é registrado, nome 3 de 5		no			no		AMGPO_Making_Payment_Alternate_Name3
alternate_name_4	STRING	Nome alternativo pelo qual o fabricante ou GPO também é registrado, nome 4 de 5		no			no		AMGPO_Making_Payment_Alternate_Name4
alternate_name_5	STRING	Nome alternativo pelo qual o fabricante ou GPO também é registrado, nome 5 de 5		no			no		AMGPO_Making_Payment_Alternate_Name5
